<annotation>
	<folder>vireceipt_xml</folder>
	<filename>no_0003.jpg</filename>
	<path>/data20.04/data/1.SDV_Medical_Doc/5.Evaluation/vireceipt_xml/no_0003.jpg</path>
	<source>
		<database>Unknown</database>
	</source>
	<size>
		<width>1759</width>
		<height>2534</height>
		<depth>3</depth>
	</size>
	<segmented>0</segmented>
	<object>
		<name/>
		<pose>Unspecified</pose>
		<truncated>0</truncated>
		<difficult>0</difficult>
		<bndbox>
			<xmin>592</xmin>
			<ymin>2245</ymin>
			<xmax>724</xmax>
			<ymax>2307</ymax>
		</bndbox>
	</object>
	<object>
		<name/>
		<pose>Unspecified</pose>
		<truncated>0</truncated>
		<difficult>0</difficult>
		<bndbox>
			<xmin>1298</xmin>
			<ymin>2242</ymin>
			<xmax>1402</xmax>
			<ymax>2315</ymax>
		</bndbox>
	</object>
	<object>
		<name/>
		<pose>Unspecified</pose>
		<truncated>0</truncated>
		<difficult>0</difficult>
		<bndbox>
			<xmin>1035</xmin>
			<ymin>2242</ymin>
			<xmax>1150</xmax>
			<ymax>2312</ymax>
		</bndbox>
	</object>
	<object>
		<name/>
		<pose>Unspecified</pose>
		<truncated>0</truncated>
		<difficult>0</difficult>
		<bndbox>
			<xmin>743</xmin>
			<ymin>2244</ymin>
			<xmax>925</xmax>
			<ymax>2297</ymax>
		</bndbox>
	</object>
	<object>
		<name/>
		<pose>Unspecified</pose>
		<truncated>0</truncated>
		<difficult>0</difficult>
		<bndbox>
			<xmin>944</xmin>
			<ymin>2245</ymin>
			<xmax>1023</xmax>
			<ymax>2303</ymax>
		</bndbox>
	</object>
	<object>
		<name/>
		<pose>Unspecified</pose>
		<truncated>0</truncated>
		<difficult>0</difficult>
		<bndbox>
			<xmin>1165</xmin>
			<ymin>2239</ymin>
			<xmax>1278</xmax>
			<ymax>2312</ymax>
		</bndbox>
	</object>
	<object>
		<name/>
		<pose>Unspecified</pose>
		<truncated>0</truncated>
		<difficult>0</difficult>
		<bndbox>
			<xmin>250</xmin>
			<ymin>1990</ymin>
			<xmax>494</xmax>
			<ymax>2066</ymax>
		</bndbox>
	</object>
	<object>
		<name/>
		<pose>Unspecified</pose>
		<truncated>0</truncated>
		<difficult>0</difficult>
		<bndbox>
			<xmin>1533</xmin>
			<ymin>1992</ymin>
			<xmax>1677</xmax>
			<ymax>2059</ymax>
		</bndbox>
	</object>
	<object>
		<name/>
		<pose>Unspecified</pose>
		<truncated>0</truncated>
		<difficult>0</difficult>
		<bndbox>
			<xmin>512</xmin>
			<ymin>1989</ymin>
			<xmax>702</xmax>
			<ymax>2063</ymax>
		</bndbox>
	</object>
	<object>
		<name/>
		<pose>Unspecified</pose>
		<truncated>0</truncated>
		<difficult>0</difficult>
		<bndbox>
			<xmin>1562</xmin>
			<ymin>1859</ymin>
			<xmax>1666</xmax>
			<ymax>1917</ymax>
		</bndbox>
	</object>
	<object>
		<name/>
		<pose>Unspecified</pose>
		<truncated>0</truncated>
		<difficult>0</difficult>
		<bndbox>
			<xmin>1434</xmin>
			<ymin>1853</ymin>
			<xmax>1547</xmax>
			<ymax>1919</ymax>
		</bndbox>
	</object>
	<object>
		<name/>
		<pose>Unspecified</pose>
		<truncated>0</truncated>
		<difficult>0</difficult>
		<bndbox>
			<xmin>50</xmin>
			<ymin>1849</ymin>
			<xmax>254</xmax>
			<ymax>1914</ymax>
		</bndbox>
	</object>
	<object>
		<name/>
		<pose>Unspecified</pose>
		<truncated>0</truncated>
		<difficult>0</difficult>
		<bndbox>
			<xmin>400</xmin>
			<ymin>1852</ymin>
			<xmax>540</xmax>
			<ymax>1909</ymax>
		</bndbox>
	</object>
	<object>
		<name/>
		<pose>Unspecified</pose>
		<truncated>0</truncated>
		<difficult>0</difficult>
		<bndbox>
			<xmin>1379</xmin>
			<ymin>1852</ymin>
			<xmax>1428</xmax>
			<ymax>1917</ymax>
		</bndbox>
	</object>
	<object>
		<name/>
		<pose>Unspecified</pose>
		<truncated>0</truncated>
		<difficult>0</difficult>
		<bndbox>
			<xmin>264</xmin>
			<ymin>1844</ymin>
			<xmax>391</xmax>
			<ymax>1913</ymax>
		</bndbox>
	</object>
	<object>
		<name/>
		<pose>Unspecified</pose>
		<truncated>0</truncated>
		<difficult>0</difficult>
		<bndbox>
			<xmin>337</xmin>
			<ymin>1770</ymin>
			<xmax>514</xmax>
			<ymax>1840</ymax>
		</bndbox>
	</object>
	<object>
		<name/>
		<pose>Unspecified</pose>
		<truncated>0</truncated>
		<difficult>0</difficult>
		<bndbox>
			<xmin>794</xmin>
			<ymin>1757</ymin>
			<xmax>928</xmax>
			<ymax>1820</ymax>
		</bndbox>
	</object>
	<object>
		<name/>
		<pose>Unspecified</pose>
		<truncated>0</truncated>
		<difficult>0</difficult>
		<bndbox>
			<xmin>1533</xmin>
			<ymin>1639</ymin>
			<xmax>1678</xmax>
			<ymax>1712</ymax>
		</bndbox>
	</object>
	<object>
		<name/>
		<pose>Unspecified</pose>
		<truncated>0</truncated>
		<difficult>0</difficult>
		<bndbox>
			<xmin>47</xmin>
			<ymin>1637</ymin>
			<xmax>296</xmax>
			<ymax>1706</ymax>
		</bndbox>
	</object>
	<object>
		<name/>
		<pose>Unspecified</pose>
		<truncated>0</truncated>
		<difficult>0</difficult>
		<bndbox>
			<xmin>1370</xmin>
			<ymin>1637</ymin>
			<xmax>1518</xmax>
			<ymax>1704</ymax>
		</bndbox>
	</object>
	<object>
		<name/>
		<pose>Unspecified</pose>
		<truncated>0</truncated>
		<difficult>0</difficult>
		<bndbox>
			<xmin>311</xmin>
			<ymin>1620</ymin>
			<xmax>487</xmax>
			<ymax>1707</ymax>
		</bndbox>
	</object>
	<object>
		<name/>
		<pose>Unspecified</pose>
		<truncated>0</truncated>
		<difficult>0</difficult>
		<bndbox>
			<xmin>161</xmin>
			<ymin>1530</ymin>
			<xmax>526</xmax>
			<ymax>1599</ymax>
		</bndbox>
	</object>
	<object>
		<name/>
		<pose>Unspecified</pose>
		<truncated>0</truncated>
		<difficult>0</difficult>
		<bndbox>
			<xmin>1559</xmin>
			<ymin>1494</ymin>
			<xmax>1672</xmax>
			<ymax>1552</ymax>
		</bndbox>
	</object>
	<object>
		<name/>
		<pose>Unspecified</pose>
		<truncated>0</truncated>
		<difficult>0</difficult>
		<bndbox>
			<xmin>1434</xmin>
			<ymin>1488</ymin>
			<xmax>1545</xmax>
			<ymax>1552</ymax>
		</bndbox>
	</object>
	<object>
		<name/>
		<pose>Unspecified</pose>
		<truncated>0</truncated>
		<difficult>0</difficult>
		<bndbox>
			<xmin>872</xmin>
			<ymin>1486</ymin>
			<xmax>982</xmax>
			<ymax>1561</ymax>
		</bndbox>
	</object>
	<object>
		<name/>
		<pose>Unspecified</pose>
		<truncated>0</truncated>
		<difficult>0</difficult>
		<bndbox>
			<xmin>319</xmin>
			<ymin>1454</ymin>
			<xmax>572</xmax>
			<ymax>1521</ymax>
		</bndbox>
	</object>
	<object>
		<name/>
		<pose>Unspecified</pose>
		<truncated>0</truncated>
		<difficult>0</difficult>
		<bndbox>
			<xmin>156</xmin>
			<ymin>1362</ymin>
			<xmax>442</xmax>
			<ymax>1446</ymax>
		</bndbox>
	</object>
	<object>
		<name/>
		<pose>Unspecified</pose>
		<truncated>0</truncated>
		<difficult>0</difficult>
		<bndbox>
			<xmin>1200</xmin>
			<ymin>1323</ymin>
			<xmax>1312</xmax>
			<ymax>1383</ymax>
		</bndbox>
	</object>
	<object>
		<name/>
		<pose>Unspecified</pose>
		<truncated>0</truncated>
		<difficult>0</difficult>
		<bndbox>
			<xmin>1070</xmin>
			<ymin>1322</ymin>
			<xmax>1191</xmax>
			<ymax>1384</ymax>
		</bndbox>
	</object>
	<object>
		<name/>
		<pose>Unspecified</pose>
		<truncated>0</truncated>
		<difficult>0</difficult>
		<bndbox>
			<xmin>1557</xmin>
			<ymin>1320</ymin>
			<xmax>1672</xmax>
			<ymax>1384</ymax>
		</bndbox>
	</object>
	<object>
		<name/>
		<pose>Unspecified</pose>
		<truncated>0</truncated>
		<difficult>0</difficult>
		<bndbox>
			<xmin>1428</xmin>
			<ymin>1320</ymin>
			<xmax>1548</xmax>
			<ymax>1384</ymax>
		</bndbox>
	</object>
	<object>
		<name/>
		<pose>Unspecified</pose>
		<truncated>0</truncated>
		<difficult>0</difficult>
		<bndbox>
			<xmin>476</xmin>
			<ymin>1285</ymin>
			<xmax>600</xmax>
			<ymax>1354</ymax>
		</bndbox>
	</object>
	<object>
		<name/>
		<pose>Unspecified</pose>
		<truncated>0</truncated>
		<difficult>0</difficult>
		<bndbox>
			<xmin>614</xmin>
			<ymin>1278</ymin>
			<xmax>768</xmax>
			<ymax>1358</ymax>
		</bndbox>
	</object>
	<object>
		<name/>
		<pose>Unspecified</pose>
		<truncated>0</truncated>
		<difficult>0</difficult>
		<bndbox>
			<xmin>507</xmin>
			<ymin>1183</ymin>
			<xmax>632</xmax>
			<ymax>1238</ymax>
		</bndbox>
	</object>
	<object>
		<name/>
		<pose>Unspecified</pose>
		<truncated>0</truncated>
		<difficult>0</difficult>
		<bndbox>
			<xmin>374</xmin>
			<ymin>1180</ymin>
			<xmax>495</xmax>
			<ymax>1243</ymax>
		</bndbox>
	</object>
	<object>
		<name/>
		<pose>Unspecified</pose>
		<truncated>0</truncated>
		<difficult>0</difficult>
		<bndbox>
			<xmin>47</xmin>
			<ymin>1182</ymin>
			<xmax>139</xmax>
			<ymax>1244</ymax>
		</bndbox>
	</object>
	<object>
		<name/>
		<pose>Unspecified</pose>
		<truncated>0</truncated>
		<difficult>0</difficult>
		<bndbox>
			<xmin>1079</xmin>
			<ymin>1172</ymin>
			<xmax>1262</xmax>
			<ymax>1257</ymax>
		</bndbox>
	</object>
	<object>
		<name/>
		<pose>Unspecified</pose>
		<truncated>0</truncated>
		<difficult>0</difficult>
		<bndbox>
			<xmin>1424</xmin>
			<ymin>1171</ymin>
			<xmax>1612</xmax>
			<ymax>1244</ymax>
		</bndbox>
	</object>
	<object>
		<name/>
		<pose>Unspecified</pose>
		<truncated>0</truncated>
		<difficult>0</difficult>
		<bndbox>
			<xmin>1090</xmin>
			<ymin>1092</ymin>
			<xmax>1179</xmax>
			<ymax>1144</ymax>
		</bndbox>
	</object>
	<object>
		<name/>
		<pose>Unspecified</pose>
		<truncated>0</truncated>
		<difficult>0</difficult>
		<bndbox>
			<xmin>970</xmin>
			<ymin>1083</ymin>
			<xmax>1076</xmax>
			<ymax>1142</ymax>
		</bndbox>
	</object>
	<object>
		<name/>
		<pose>Unspecified</pose>
		<truncated>0</truncated>
		<difficult>0</difficult>
		<bndbox>
			<xmin>316</xmin>
			<ymin>1083</ymin>
			<xmax>441</xmax>
			<ymax>1141</ymax>
		</bndbox>
	</object>
	<object>
		<name/>
		<pose>Unspecified</pose>
		<truncated>0</truncated>
		<difficult>0</difficult>
		<bndbox>
			<xmin>191</xmin>
			<ymin>1078</ymin>
			<xmax>304</xmax>
			<ymax>1142</ymax>
		</bndbox>
	</object>
	<object>
		<name/>
		<pose>Unspecified</pose>
		<truncated>0</truncated>
		<difficult>0</difficult>
		<bndbox>
			<xmin>1254</xmin>
			<ymin>1080</ymin>
			<xmax>1426</xmax>
			<ymax>1144</ymax>
		</bndbox>
	</object>
	<object>
		<name/>
		<pose>Unspecified</pose>
		<truncated>0</truncated>
		<difficult>0</difficult>
		<bndbox>
			<xmin>478</xmin>
			<ymin>1075</ymin>
			<xmax>650</xmax>
			<ymax>1141</ymax>
		</bndbox>
	</object>
	<object>
		<name/>
		<pose>Unspecified</pose>
		<truncated>0</truncated>
		<difficult>0</difficult>
		<bndbox>
			<xmin>965</xmin>
			<ymin>994</ymin>
			<xmax>1133</xmax>
			<ymax>1066</ymax>
		</bndbox>
	</object>
	<object>
		<name/>
		<pose>Unspecified</pose>
		<truncated>0</truncated>
		<difficult>0</difficult>
		<bndbox>
			<xmin>611</xmin>
			<ymin>992</ymin>
			<xmax>725</xmax>
			<ymax>1054</ymax>
		</bndbox>
	</object>
	<object>
		<name/>
		<pose>Unspecified</pose>
		<truncated>0</truncated>
		<difficult>0</difficult>
		<bndbox>
			<xmin>395</xmin>
			<ymin>990</ymin>
			<xmax>554</xmax>
			<ymax>1064</ymax>
		</bndbox>
	</object>
	<object>
		<name/>
		<pose>Unspecified</pose>
		<truncated>0</truncated>
		<difficult>0</difficult>
		<bndbox>
			<xmin>191</xmin>
			<ymin>991</ymin>
			<xmax>324</xmax>
			<ymax>1054</ymax>
		</bndbox>
	</object>
	<object>
		<name/>
		<pose>Unspecified</pose>
		<truncated>0</truncated>
		<difficult>0</difficult>
		<bndbox>
			<xmin>1255</xmin>
			<ymin>990</ymin>
			<xmax>1610</xmax>
			<ymax>1062</ymax>
		</bndbox>
	</object>
	<object>
		<name/>
		<pose>Unspecified</pose>
		<truncated>0</truncated>
		<difficult>0</difficult>
		<bndbox>
			<xmin>307</xmin>
			<ymin>900</ymin>
			<xmax>446</xmax>
			<ymax>961</ymax>
		</bndbox>
	</object>
	<object>
		<name/>
		<pose>Unspecified</pose>
		<truncated>0</truncated>
		<difficult>0</difficult>
		<bndbox>
			<xmin>1229</xmin>
			<ymin>894</ymin>
			<xmax>1383</xmax>
			<ymax>961</ymax>
		</bndbox>
	</object>
	<object>
		<name/>
		<pose>Unspecified</pose>
		<truncated>0</truncated>
		<difficult>0</difficult>
		<bndbox>
			<xmin>1101</xmin>
			<ymin>889</ymin>
			<xmax>1218</xmax>
			<ymax>952</ymax>
		</bndbox>
	</object>
	<object>
		<name/>
		<pose>Unspecified</pose>
		<truncated>0</truncated>
		<difficult>0</difficult>
		<bndbox>
			<xmin>962</xmin>
			<ymin>891</ymin>
			<xmax>1072</xmax>
			<ymax>950</ymax>
		</bndbox>
	</object>
	<object>
		<name/>
		<pose>Unspecified</pose>
		<truncated>0</truncated>
		<difficult>0</difficult>
		<bndbox>
			<xmin>186</xmin>
			<ymin>880</ymin>
			<xmax>290</xmax>
			<ymax>964</ymax>
		</bndbox>
	</object>
	<object>
		<name/>
		<pose>Unspecified</pose>
		<truncated>0</truncated>
		<difficult>0</difficult>
		<bndbox>
			<xmin>1144</xmin>
			<ymin>799</ymin>
			<xmax>1307</xmax>
			<ymax>871</ymax>
		</bndbox>
	</object>
	<object>
		<name/>
		<pose>Unspecified</pose>
		<truncated>0</truncated>
		<difficult>0</difficult>
		<bndbox>
			<xmin>957</xmin>
			<ymin>804</ymin>
			<xmax>1128</xmax>
			<ymax>859</ymax>
		</bndbox>
	</object>
	<object>
		<name/>
		<pose>Unspecified</pose>
		<truncated>0</truncated>
		<difficult>0</difficult>
		<bndbox>
			<xmin>772</xmin>
			<ymin>790</ymin>
			<xmax>938</xmax>
			<ymax>861</ymax>
		</bndbox>
	</object>
	<object>
		<name/>
		<pose>Unspecified</pose>
		<truncated>0</truncated>
		<difficult>0</difficult>
		<bndbox>
			<xmin>1324</xmin>
			<ymin>787</ymin>
			<xmax>1501</xmax>
			<ymax>859</ymax>
		</bndbox>
	</object>
	<object>
		<name/>
		<pose>Unspecified</pose>
		<truncated>0</truncated>
		<difficult>0</difficult>
		<bndbox>
			<xmin>702</xmin>
			<ymin>682</ymin>
			<xmax>960</xmax>
			<ymax>752</ymax>
		</bndbox>
	</object>
	<object>
		<name/>
		<pose>Unspecified</pose>
		<truncated>0</truncated>
		<difficult>0</difficult>
		<bndbox>
			<xmin>1286</xmin>
			<ymin>595</ymin>
			<xmax>1443</xmax>
			<ymax>664</ymax>
		</bndbox>
	</object>
	<object>
		<name/>
		<pose>Unspecified</pose>
		<truncated>0</truncated>
		<difficult>0</difficult>
		<bndbox>
			<xmin>573</xmin>
			<ymin>592</ymin>
			<xmax>701</xmax>
			<ymax>669</ymax>
		</bndbox>
	</object>
	<object>
		<name/>
		<pose>Unspecified</pose>
		<truncated>0</truncated>
		<difficult>0</difficult>
		<bndbox>
			<xmin>1547</xmin>
			<ymin>589</ymin>
			<xmax>1658</xmax>
			<ymax>672</ymax>
		</bndbox>
	</object>
	<object>
		<name/>
		<pose>Unspecified</pose>
		<truncated>0</truncated>
		<difficult>0</difficult>
		<bndbox>
			<xmin>1174</xmin>
			<ymin>591</ymin>
			<xmax>1272</xmax>
			<ymax>670</ymax>
		</bndbox>
	</object>
	<object>
		<name/>
		<pose>Unspecified</pose>
		<truncated>0</truncated>
		<difficult>0</difficult>
		<bndbox>
			<xmin>1448</xmin>
			<ymin>591</ymin>
			<xmax>1544</xmax>
			<ymax>664</ymax>
		</bndbox>
	</object>
	<object>
		<name/>
		<pose>Unspecified</pose>
		<truncated>0</truncated>
		<difficult>0</difficult>
		<bndbox>
			<xmin>1470</xmin>
			<ymin>520</ymin>
			<xmax>1627</xmax>
			<ymax>584</ymax>
		</bndbox>
	</object>
	<object>
		<name/>
		<pose>Unspecified</pose>
		<truncated>0</truncated>
		<difficult>0</difficult>
		<bndbox>
			<xmin>1086</xmin>
			<ymin>519</ymin>
			<xmax>1206</xmax>
			<ymax>582</ymax>
		</bndbox>
	</object>
	<object>
		<name/>
		<pose>Unspecified</pose>
		<truncated>0</truncated>
		<difficult>0</difficult>
		<bndbox>
			<xmin>1223</xmin>
			<ymin>518</ymin>
			<xmax>1352</xmax>
			<ymax>578</ymax>
		</bndbox>
	</object>
	<object>
		<name/>
		<pose>Unspecified</pose>
		<truncated>0</truncated>
		<difficult>0</difficult>
		<bndbox>
			<xmin>1362</xmin>
			<ymin>510</ymin>
			<xmax>1466</xmax>
			<ymax>589</ymax>
		</bndbox>
	</object>
	<object>
		<name/>
		<pose>Unspecified</pose>
		<truncated>0</truncated>
		<difficult>0</difficult>
		<bndbox>
			<xmin>955</xmin>
			<ymin>503</ymin>
			<xmax>1073</xmax>
			<ymax>583</ymax>
		</bndbox>
	</object>
	<object>
		<name/>
		<pose>Unspecified</pose>
		<truncated>0</truncated>
		<difficult>0</difficult>
		<bndbox>
			<xmin>1415</xmin>
			<ymin>379</ymin>
			<xmax>1668</xmax>
			<ymax>483</ymax>
		</bndbox>
	</object>
	<object>
		<name/>
		<pose>Unspecified</pose>
		<truncated>0</truncated>
		<difficult>0</difficult>
		<bndbox>
			<xmin>559</xmin>
			<ymin>360</ymin>
			<xmax>832</xmax>
			<ymax>479</ymax>
		</bndbox>
	</object>
	<object>
		<name>1</name>
		<pose>Unspecified</pose>
		<truncated>0</truncated>
		<difficult>0</difficult>
		<bndbox>
			<xmin>865</xmin>
			<ymin>357</ymin>
			<xmax>1228</xmax>
			<ymax>482</ymax>
		</bndbox>
	</object>
	<object>
		<name>1</name>
		<pose>Unspecified</pose>
		<truncated>0</truncated>
		<difficult>0</difficult>
		<bndbox>
			<xmin>1264</xmin>
			<ymin>372</ymin>
			<xmax>1383</xmax>
			<ymax>485</ymax>
		</bndbox>
	</object>
	<object>
		<name>1</name>
		<pose>Unspecified</pose>
		<truncated>0</truncated>
		<difficult>0</difficult>
		<bndbox>
			<xmin>597</xmin>
			<ymin>514</ymin>
			<xmax>673</xmax>
			<ymax>578</ymax>
		</bndbox>
	</object>
	<object>
		<name>1</name>
		<pose>Unspecified</pose>
		<truncated>0</truncated>
		<difficult>0</difficult>
		<bndbox>
			<xmin>687</xmin>
			<ymin>516</ymin>
			<xmax>937</xmax>
			<ymax>586</ymax>
		</bndbox>
	</object>
	<object>
		<name>1</name>
		<pose>Unspecified</pose>
		<truncated>0</truncated>
		<difficult>0</difficult>
		<bndbox>
			<xmin>717</xmin>
			<ymin>595</ymin>
			<xmax>823</xmax>
			<ymax>662</ymax>
		</bndbox>
	</object>
	<object>
		<name>1</name>
		<pose>Unspecified</pose>
		<truncated>0</truncated>
		<difficult>0</difficult>
		<bndbox>
			<xmin>840</xmin>
			<ymin>596</ymin>
			<xmax>982</xmax>
			<ymax>661</ymax>
		</bndbox>
	</object>
	<object>
		<name>1</name>
		<pose>Unspecified</pose>
		<truncated>0</truncated>
		<difficult>0</difficult>
		<bndbox>
			<xmin>995</xmin>
			<ymin>594</ymin>
			<xmax>1144</xmax>
			<ymax>664</ymax>
		</bndbox>
	</object>
	<object>
		<name>1</name>
		<pose>Unspecified</pose>
		<truncated>0</truncated>
		<difficult>0</difficult>
		<bndbox>
			<xmin>1063</xmin>
			<ymin>693</ymin>
			<xmax>1506</xmax>
			<ymax>757</ymax>
		</bndbox>
	</object>
	<object>
		<name>1</name>
		<pose>Unspecified</pose>
		<truncated>0</truncated>
		<difficult>0</difficult>
		<bndbox>
			<xmin>563</xmin>
			<ymin>1020</ymin>
			<xmax>599</xmax>
			<ymax>1045</ymax>
		</bndbox>
	</object>
	<object>
		<name>1</name>
		<pose>Unspecified</pose>
		<truncated>0</truncated>
		<difficult>0</difficult>
		<bndbox>
			<xmin>741</xmin>
			<ymin>994</ymin>
			<xmax>827</xmax>
			<ymax>1054</ymax>
		</bndbox>
	</object>
	<object>
		<name>1</name>
		<pose>Unspecified</pose>
		<truncated>0</truncated>
		<difficult>0</difficult>
		<bndbox>
			<xmin>887</xmin>
			<ymin>1181</ymin>
			<xmax>971</xmax>
			<ymax>1246</ymax>
		</bndbox>
	</object>
	<object>
		<name>1</name>
		<pose>Unspecified</pose>
		<truncated>0</truncated>
		<difficult>0</difficult>
		<bndbox>
			<xmin>1308</xmin>
			<ymin>1989</ymin>
			<xmax>1359</xmax>
			<ymax>2059</ymax>
		</bndbox>
	</object>
	<object>
		<name>1</name>
		<pose>Unspecified</pose>
		<truncated>0</truncated>
		<difficult>0</difficult>
		<bndbox>
			<xmin>1374</xmin>
			<ymin>1990</ymin>
			<xmax>1517</xmax>
			<ymax>2061</ymax>
		</bndbox>
	</object>
	<object>
		<name>1</name>
		<pose>Unspecified</pose>
		<truncated>0</truncated>
		<difficult>0</difficult>
		<bndbox>
			<xmin>1301</xmin>
			<ymin>1635</ymin>
			<xmax>1354</xmax>
			<ymax>1709</ymax>
		</bndbox>
	</object>
	<object>
		<name>1</name>
		<pose>Unspecified</pose>
		<truncated>0</truncated>
		<difficult>0</difficult>
		<bndbox>
			<xmin>1432</xmin>
			<ymin>1770</ymin>
			<xmax>1546</xmax>
			<ymax>1832</ymax>
		</bndbox>
	</object>
	<object>
		<name>1</name>
		<pose>Unspecified</pose>
		<truncated>0</truncated>
		<difficult>0</difficult>
		<bndbox>
			<xmin>1559</xmin>
			<ymin>1770</ymin>
			<xmax>1673</xmax>
			<ymax>1828</ymax>
		</bndbox>
	</object>
	<object>
		<name>1</name>
		<pose>Unspecified</pose>
		<truncated>0</truncated>
		<difficult>0</difficult>
		<bndbox>
			<xmin>1374</xmin>
			<ymin>1326</ymin>
			<xmax>1419</xmax>
			<ymax>1387</ymax>
		</bndbox>
	</object>
	<object>
		<name>1</name>
		<pose>Unspecified</pose>
		<truncated>0</truncated>
		<difficult>0</difficult>
		<bndbox>
			<xmin>878</xmin>
			<ymin>1325</ymin>
			<xmax>972</xmax>
			<ymax>1393</ymax>
		</bndbox>
	</object>
	<object>
		<name>1</name>
		<pose>Unspecified</pose>
		<truncated>0</truncated>
		<difficult>0</difficult>
		<bndbox>
			<xmin>1027</xmin>
			<ymin>1326</ymin>
			<xmax>1058</xmax>
			<ymax>1386</ymax>
		</bndbox>
	</object>
	<object>
		<name>1</name>
		<pose>Unspecified</pose>
		<truncated>0</truncated>
		<difficult>0</difficult>
		<bndbox>
			<xmin>174</xmin>
			<ymin>1280</ymin>
			<xmax>240</xmax>
			<ymax>1350</ymax>
		</bndbox>
	</object>
	<object>
		<name>1</name>
		<pose>Unspecified</pose>
		<truncated>0</truncated>
		<difficult>0</difficult>
		<bndbox>
			<xmin>247</xmin>
			<ymin>1281</ymin>
			<xmax>308</xmax>
			<ymax>1350</ymax>
		</bndbox>
	</object>
	<object>
		<name>1</name>
		<pose>Unspecified</pose>
		<truncated>0</truncated>
		<difficult>0</difficult>
		<bndbox>
			<xmin>317</xmin>
			<ymin>1280</ymin>
			<xmax>374</xmax>
			<ymax>1349</ymax>
		</bndbox>
	</object>
	<object>
		<name>1</name>
		<pose>Unspecified</pose>
		<truncated>0</truncated>
		<difficult>0</difficult>
		<bndbox>
			<xmin>385</xmin>
			<ymin>1278</ymin>
			<xmax>467</xmax>
			<ymax>1354</ymax>
		</bndbox>
	</object>
	<object>
		<name>1</name>
		<pose>Unspecified</pose>
		<truncated>0</truncated>
		<difficult>0</difficult>
		<bndbox>
			<xmin>81</xmin>
			<ymin>1326</ymin>
			<xmax>115</xmax>
			<ymax>1389</ymax>
		</bndbox>
	</object>
	<object>
		<name>1</name>
		<pose>Unspecified</pose>
		<truncated>0</truncated>
		<difficult>0</difficult>
		<bndbox>
			<xmin>74</xmin>
			<ymin>1491</ymin>
			<xmax>122</xmax>
			<ymax>1557</ymax>
		</bndbox>
	</object>
	<object>
		<name>1</name>
		<pose>Unspecified</pose>
		<truncated>0</truncated>
		<difficult>0</difficult>
		<bndbox>
			<xmin>244</xmin>
			<ymin>1448</ymin>
			<xmax>309</xmax>
			<ymax>1521</ymax>
		</bndbox>
	</object>
	<object>
		<name>1</name>
		<pose>Unspecified</pose>
		<truncated>0</truncated>
		<difficult>0</difficult>
		<bndbox>
			<xmin>172</xmin>
			<ymin>1452</ymin>
			<xmax>238</xmax>
			<ymax>1520</ymax>
		</bndbox>
	</object>
	<object>
		<name>1</name>
		<pose>Unspecified</pose>
		<truncated>0</truncated>
		<difficult>0</difficult>
		<bndbox>
			<xmin>53</xmin>
			<ymin>1762</ymin>
			<xmax>178</xmax>
			<ymax>1832</ymax>
		</bndbox>
	</object>
	<object>
		<name>1</name>
		<pose>Unspecified</pose>
		<truncated>0</truncated>
		<difficult>0</difficult>
		<bndbox>
			<xmin>194</xmin>
			<ymin>1761</ymin>
			<xmax>318</xmax>
			<ymax>1831</ymax>
		</bndbox>
	</object>
	<object>
		<name>1</name>
		<pose>Unspecified</pose>
		<truncated>0</truncated>
		<difficult>0</difficult>
		<bndbox>
			<xmin>58</xmin>
			<ymin>1976</ymin>
			<xmax>222</xmax>
			<ymax>2064</ymax>
		</bndbox>
	</object>
	<object>
		<name>1</name>
		<pose>Unspecified</pose>
		<truncated>0</truncated>
		<difficult>0</difficult>
		<bndbox>
			<xmin>340</xmin>
			<ymin>2243</ymin>
			<xmax>476</xmax>
			<ymax>2307</ymax>
		</bndbox>
	</object>
	<object>
		<name>1</name>
		<pose>Unspecified</pose>
		<truncated>0</truncated>
		<difficult>0</difficult>
		<bndbox>
			<xmin>491</xmin>
			<ymin>2254</ymin>
			<xmax>577</xmax>
			<ymax>2305</ymax>
		</bndbox>
	</object>
	<object>
		<name>1</name>
		<pose>Unspecified</pose>
		<truncated>0</truncated>
		<difficult>0</difficult>
		<bndbox>
			<xmin>1055</xmin>
			<ymin>1495</ymin>
			<xmax>1163</xmax>
			<ymax>1555</ymax>
		</bndbox>
	</object>
	<object>
		<name>1</name>
		<pose>Unspecified</pose>
		<truncated>0</truncated>
		<difficult>0</difficult>
		<bndbox>
			<xmin>1179</xmin>
			<ymin>1493</ymin>
			<xmax>1290</xmax>
			<ymax>1555</ymax>
		</bndbox>
	</object>
</annotation>
