<annotation>
	<folder>vireceipt_xml</folder>
	<filename>no_0000.jpg</filename>
	<path>/data20.04/data/1.SDV_Medical_Doc/5.Evaluation/vireceipt_xml/no_0000.jpg</path>
	<source>
		<database>Unknown</database>
	</source>
	<size>
		<width>1795</width>
		<height>4594</height>
		<depth>3</depth>
	</size>
	<segmented>0</segmented>
	<object>
		<name/>
		<pose>Unspecified</pose>
		<truncated>0</truncated>
		<difficult>0</difficult>
		<bndbox>
			<xmin>1011</xmin>
			<ymin>4346</ymin>
			<xmax>1141</xmax>
			<ymax>4401</ymax>
		</bndbox>
	</object>
	<object>
		<name/>
		<pose>Unspecified</pose>
		<truncated>0</truncated>
		<difficult>0</difficult>
		<bndbox>
			<xmin>874</xmin>
			<ymin>4345</ymin>
			<xmax>991</xmax>
			<ymax>4390</ymax>
		</bndbox>
	</object>
	<object>
		<name/>
		<pose>Unspecified</pose>
		<truncated>0</truncated>
		<difficult>0</difficult>
		<bndbox>
			<xmin>667</xmin>
			<ymin>4342</ymin>
			<xmax>799</xmax>
			<ymax>4406</ymax>
		</bndbox>
	</object>
	<object>
		<name/>
		<pose>Unspecified</pose>
		<truncated>0</truncated>
		<difficult>0</difficult>
		<bndbox>
			<xmin>1146</xmin>
			<ymin>4337</ymin>
			<xmax>1367</xmax>
			<ymax>4404</ymax>
		</bndbox>
	</object>
	<object>
		<name/>
		<pose>Unspecified</pose>
		<truncated>0</truncated>
		<difficult>0</difficult>
		<bndbox>
			<xmin>447</xmin>
			<ymin>4332</ymin>
			<xmax>656</xmax>
			<ymax>4396</ymax>
		</bndbox>
	</object>
	<object>
		<name/>
		<pose>Unspecified</pose>
		<truncated>0</truncated>
		<difficult>0</difficult>
		<bndbox>
			<xmin>809</xmin>
			<ymin>4336</ymin>
			<xmax>866</xmax>
			<ymax>4393</ymax>
		</bndbox>
	</object>
	<object>
		<name/>
		<pose>Unspecified</pose>
		<truncated>0</truncated>
		<difficult>0</difficult>
		<bndbox>
			<xmin>132</xmin>
			<ymin>4173</ymin>
			<xmax>182</xmax>
			<ymax>4224</ymax>
		</bndbox>
	</object>
	<object>
		<name/>
		<pose>Unspecified</pose>
		<truncated>0</truncated>
		<difficult>0</difficult>
		<bndbox>
			<xmin>1397</xmin>
			<ymin>4169</ymin>
			<xmax>1664</xmax>
			<ymax>4224</ymax>
		</bndbox>
	</object>
	<object>
		<name/>
		<pose>Unspecified</pose>
		<truncated>0</truncated>
		<difficult>0</difficult>
		<bndbox>
			<xmin>184</xmin>
			<ymin>4165</ymin>
			<xmax>301</xmax>
			<ymax>4224</ymax>
		</bndbox>
	</object>
	<object>
		<name/>
		<pose>Unspecified</pose>
		<truncated>0</truncated>
		<difficult>0</difficult>
		<bndbox>
			<xmin>145</xmin>
			<ymin>4017</ymin>
			<xmax>340</xmax>
			<ymax>4071</ymax>
		</bndbox>
	</object>
	<object>
		<name/>
		<pose>Unspecified</pose>
		<truncated>0</truncated>
		<difficult>0</difficult>
		<bndbox>
			<xmin>341</xmin>
			<ymin>4012</ymin>
			<xmax>597</xmax>
			<ymax>4078</ymax>
		</bndbox>
	</object>
	<object>
		<name/>
		<pose>Unspecified</pose>
		<truncated>0</truncated>
		<difficult>0</difficult>
		<bndbox>
			<xmin>1627</xmin>
			<ymin>4020</ymin>
			<xmax>1667</xmax>
			<ymax>4080</ymax>
		</bndbox>
	</object>
	<object>
		<name/>
		<pose>Unspecified</pose>
		<truncated>0</truncated>
		<difficult>0</difficult>
		<bndbox>
			<xmin>131</xmin>
			<ymin>3919</ymin>
			<xmax>241</xmax>
			<ymax>3983</ymax>
		</bndbox>
	</object>
	<object>
		<name/>
		<pose>Unspecified</pose>
		<truncated>0</truncated>
		<difficult>0</difficult>
		<bndbox>
			<xmin>126</xmin>
			<ymin>3816</ymin>
			<xmax>347</xmax>
			<ymax>3889</ymax>
		</bndbox>
	</object>
	<object>
		<name/>
		<pose>Unspecified</pose>
		<truncated>0</truncated>
		<difficult>0</difficult>
		<bndbox>
			<xmin>136</xmin>
			<ymin>3663</ymin>
			<xmax>247</xmax>
			<ymax>3730</ymax>
		</bndbox>
	</object>
	<object>
		<name/>
		<pose>Unspecified</pose>
		<truncated>0</truncated>
		<difficult>0</difficult>
		<bndbox>
			<xmin>1541</xmin>
			<ymin>3657</ymin>
			<xmax>1647</xmax>
			<ymax>3716</ymax>
		</bndbox>
	</object>
	<object>
		<name/>
		<pose>Unspecified</pose>
		<truncated>0</truncated>
		<difficult>0</difficult>
		<bndbox>
			<xmin>1432</xmin>
			<ymin>3655</ymin>
			<xmax>1533</xmax>
			<ymax>3716</ymax>
		</bndbox>
	</object>
	<object>
		<name/>
		<pose>Unspecified</pose>
		<truncated>0</truncated>
		<difficult>0</difficult>
		<bndbox>
			<xmin>911</xmin>
			<ymin>3650</ymin>
			<xmax>1085</xmax>
			<ymax>3727</ymax>
		</bndbox>
	</object>
	<object>
		<name/>
		<pose>Unspecified</pose>
		<truncated>0</truncated>
		<difficult>0</difficult>
		<bndbox>
			<xmin>584</xmin>
			<ymin>3557</ymin>
			<xmax>712</xmax>
			<ymax>3606</ymax>
		</bndbox>
	</object>
	<object>
		<name/>
		<pose>Unspecified</pose>
		<truncated>0</truncated>
		<difficult>0</difficult>
		<bndbox>
			<xmin>342</xmin>
			<ymin>3553</ymin>
			<xmax>584</xmax>
			<ymax>3612</ymax>
		</bndbox>
	</object>
	<object>
		<name/>
		<pose>Unspecified</pose>
		<truncated>0</truncated>
		<difficult>0</difficult>
		<bndbox>
			<xmin>120</xmin>
			<ymin>3553</ymin>
			<xmax>339</xmax>
			<ymax>3611</ymax>
		</bndbox>
	</object>
	<object>
		<name/>
		<pose>Unspecified</pose>
		<truncated>0</truncated>
		<difficult>0</difficult>
		<bndbox>
			<xmin>1449</xmin>
			<ymin>3547</ymin>
			<xmax>1664</xmax>
			<ymax>3614</ymax>
		</bndbox>
	</object>
	<object>
		<name/>
		<pose>Unspecified</pose>
		<truncated>0</truncated>
		<difficult>0</difficult>
		<bndbox>
			<xmin>267</xmin>
			<ymin>3445</ymin>
			<xmax>591</xmax>
			<ymax>3519</ymax>
		</bndbox>
	</object>
	<object>
		<name/>
		<pose>Unspecified</pose>
		<truncated>0</truncated>
		<difficult>0</difficult>
		<bndbox>
			<xmin>1290</xmin>
			<ymin>3449</ymin>
			<xmax>1507</xmax>
			<ymax>3516</ymax>
		</bndbox>
	</object>
	<object>
		<name/>
		<pose>Unspecified</pose>
		<truncated>0</truncated>
		<difficult>0</difficult>
		<bndbox>
			<xmin>1521</xmin>
			<ymin>3447</ymin>
			<xmax>1664</xmax>
			<ymax>3510</ymax>
		</bndbox>
	</object>
	<object>
		<name/>
		<pose>Unspecified</pose>
		<truncated>0</truncated>
		<difficult>0</difficult>
		<bndbox>
			<xmin>134</xmin>
			<ymin>3442</ymin>
			<xmax>251</xmax>
			<ymax>3513</ymax>
		</bndbox>
	</object>
	<object>
		<name/>
		<pose>Unspecified</pose>
		<truncated>0</truncated>
		<difficult>0</difficult>
		<bndbox>
			<xmin>280</xmin>
			<ymin>3316</ymin>
			<xmax>439</xmax>
			<ymax>3395</ymax>
		</bndbox>
	</object>
	<object>
		<name/>
		<pose>Unspecified</pose>
		<truncated>0</truncated>
		<difficult>0</difficult>
		<bndbox>
			<xmin>1452</xmin>
			<ymin>3287</ymin>
			<xmax>1711</xmax>
			<ymax>3351</ymax>
		</bndbox>
	</object>
	<object>
		<name/>
		<pose>Unspecified</pose>
		<truncated>0</truncated>
		<difficult>0</difficult>
		<bndbox>
			<xmin>1119</xmin>
			<ymin>3282</ymin>
			<xmax>1338</xmax>
			<ymax>3353</ymax>
		</bndbox>
	</object>
	<object>
		<name/>
		<pose>Unspecified</pose>
		<truncated>0</truncated>
		<difficult>0</difficult>
		<bndbox>
			<xmin>830</xmin>
			<ymin>3277</ymin>
			<xmax>944</xmax>
			<ymax>3361</ymax>
		</bndbox>
	</object>
	<object>
		<name/>
		<pose>Unspecified</pose>
		<truncated>0</truncated>
		<difficult>0</difficult>
		<bndbox>
			<xmin>156</xmin>
			<ymin>3282</ymin>
			<xmax>234</xmax>
			<ymax>3347</ymax>
		</bndbox>
	</object>
	<object>
		<name/>
		<pose>Unspecified</pose>
		<truncated>0</truncated>
		<difficult>0</difficult>
		<bndbox>
			<xmin>541</xmin>
			<ymin>3251</ymin>
			<xmax>667</xmax>
			<ymax>3310</ymax>
		</bndbox>
	</object>
	<object>
		<name/>
		<pose>Unspecified</pose>
		<truncated>0</truncated>
		<difficult>0</difficult>
		<bndbox>
			<xmin>445</xmin>
			<ymin>3151</ymin>
			<xmax>641</xmax>
			<ymax>3221</ymax>
		</bndbox>
	</object>
	<object>
		<name/>
		<pose>Unspecified</pose>
		<truncated>0</truncated>
		<difficult>0</difficult>
		<bndbox>
			<xmin>277</xmin>
			<ymin>3153</ymin>
			<xmax>441</xmax>
			<ymax>3225</ymax>
		</bndbox>
	</object>
	<object>
		<name/>
		<pose>Unspecified</pose>
		<truncated>0</truncated>
		<difficult>0</difficult>
		<bndbox>
			<xmin>1462</xmin>
			<ymin>3077</ymin>
			<xmax>1708</xmax>
			<ymax>3148</ymax>
		</bndbox>
	</object>
	<object>
		<name/>
		<pose>Unspecified</pose>
		<truncated>0</truncated>
		<difficult>0</difficult>
		<bndbox>
			<xmin>1092</xmin>
			<ymin>3075</ymin>
			<xmax>1332</xmax>
			<ymax>3141</ymax>
		</bndbox>
	</object>
	<object>
		<name/>
		<pose>Unspecified</pose>
		<truncated>0</truncated>
		<difficult>0</difficult>
		<bndbox>
			<xmin>613</xmin>
			<ymin>3073</ymin>
			<xmax>726</xmax>
			<ymax>3140</ymax>
		</bndbox>
	</object>
	<object>
		<name/>
		<pose>Unspecified</pose>
		<truncated>0</truncated>
		<difficult>0</difficult>
		<bndbox>
			<xmin>366</xmin>
			<ymin>3076</ymin>
			<xmax>502</xmax>
			<ymax>3148</ymax>
		</bndbox>
	</object>
	<object>
		<name/>
		<pose>Unspecified</pose>
		<truncated>0</truncated>
		<difficult>0</difficult>
		<bndbox>
			<xmin>503</xmin>
			<ymin>3074</ymin>
			<xmax>608</xmax>
			<ymax>3140</ymax>
		</bndbox>
	</object>
	<object>
		<name/>
		<pose>Unspecified</pose>
		<truncated>0</truncated>
		<difficult>0</difficult>
		<bndbox>
			<xmin>170</xmin>
			<ymin>3078</ymin>
			<xmax>213</xmax>
			<ymax>3137</ymax>
		</bndbox>
	</object>
	<object>
		<name/>
		<pose>Unspecified</pose>
		<truncated>0</truncated>
		<difficult>0</difficult>
		<bndbox>
			<xmin>277</xmin>
			<ymin>3072</ymin>
			<xmax>360</xmax>
			<ymax>3137</ymax>
		</bndbox>
	</object>
	<object>
		<name/>
		<pose>Unspecified</pose>
		<truncated>0</truncated>
		<difficult>0</difficult>
		<bndbox>
			<xmin>277</xmin>
			<ymin>2981</ymin>
			<xmax>351</xmax>
			<ymax>3066</ymax>
		</bndbox>
	</object>
	<object>
		<name/>
		<pose>Unspecified</pose>
		<truncated>0</truncated>
		<difficult>0</difficult>
		<bndbox>
			<xmin>270</xmin>
			<ymin>2908</ymin>
			<xmax>494</xmax>
			<ymax>2976</ymax>
		</bndbox>
	</object>
	<object>
		<name/>
		<pose>Unspecified</pose>
		<truncated>0</truncated>
		<difficult>0</difficult>
		<bndbox>
			<xmin>386</xmin>
			<ymin>2822</ymin>
			<xmax>662</xmax>
			<ymax>2906</ymax>
		</bndbox>
	</object>
	<object>
		<name/>
		<pose>Unspecified</pose>
		<truncated>0</truncated>
		<difficult>0</difficult>
		<bndbox>
			<xmin>1081</xmin>
			<ymin>2823</ymin>
			<xmax>1334</xmax>
			<ymax>2893</ymax>
		</bndbox>
	</object>
	<object>
		<name/>
		<pose>Unspecified</pose>
		<truncated>0</truncated>
		<difficult>0</difficult>
		<bndbox>
			<xmin>1458</xmin>
			<ymin>2823</ymin>
			<xmax>1702</xmax>
			<ymax>2890</ymax>
		</bndbox>
	</object>
	<object>
		<name/>
		<pose>Unspecified</pose>
		<truncated>0</truncated>
		<difficult>0</difficult>
		<bndbox>
			<xmin>264</xmin>
			<ymin>2820</ymin>
			<xmax>384</xmax>
			<ymax>2898</ymax>
		</bndbox>
	</object>
	<object>
		<name/>
		<pose>Unspecified</pose>
		<truncated>0</truncated>
		<difficult>0</difficult>
		<bndbox>
			<xmin>168</xmin>
			<ymin>2826</ymin>
			<xmax>213</xmax>
			<ymax>2882</ymax>
		</bndbox>
	</object>
	<object>
		<name/>
		<pose>Unspecified</pose>
		<truncated>0</truncated>
		<difficult>0</difficult>
		<bndbox>
			<xmin>517</xmin>
			<ymin>2740</ymin>
			<xmax>729</xmax>
			<ymax>2811</ymax>
		</bndbox>
	</object>
	<object>
		<name/>
		<pose>Unspecified</pose>
		<truncated>0</truncated>
		<difficult>0</difficult>
		<bndbox>
			<xmin>617</xmin>
			<ymin>2649</ymin>
			<xmax>732</xmax>
			<ymax>2723</ymax>
		</bndbox>
	</object>
	<object>
		<name/>
		<pose>Unspecified</pose>
		<truncated>0</truncated>
		<difficult>0</difficult>
		<bndbox>
			<xmin>371</xmin>
			<ymin>2644</ymin>
			<xmax>609</xmax>
			<ymax>2726</ymax>
		</bndbox>
	</object>
	<object>
		<name/>
		<pose>Unspecified</pose>
		<truncated>0</truncated>
		<difficult>0</difficult>
		<bndbox>
			<xmin>1279</xmin>
			<ymin>2649</ymin>
			<xmax>1334</xmax>
			<ymax>2714</ymax>
		</bndbox>
	</object>
	<object>
		<name/>
		<pose>Unspecified</pose>
		<truncated>0</truncated>
		<difficult>0</difficult>
		<bndbox>
			<xmin>264</xmin>
			<ymin>2541</ymin>
			<xmax>361</xmax>
			<ymax>2616</ymax>
		</bndbox>
	</object>
	<object>
		<name/>
		<pose>Unspecified</pose>
		<truncated>0</truncated>
		<difficult>0</difficult>
		<bndbox>
			<xmin>1073</xmin>
			<ymin>2512</ymin>
			<xmax>1335</xmax>
			<ymax>2579</ymax>
		</bndbox>
	</object>
	<object>
		<name/>
		<pose>Unspecified</pose>
		<truncated>0</truncated>
		<difficult>0</difficult>
		<bndbox>
			<xmin>1434</xmin>
			<ymin>2512</ymin>
			<xmax>1706</xmax>
			<ymax>2579</ymax>
		</bndbox>
	</object>
	<object>
		<name/>
		<pose>Unspecified</pose>
		<truncated>0</truncated>
		<difficult>0</difficult>
		<bndbox>
			<xmin>164</xmin>
			<ymin>2513</ymin>
			<xmax>209</xmax>
			<ymax>2570</ymax>
		</bndbox>
	</object>
	<object>
		<name/>
		<pose>Unspecified</pose>
		<truncated>0</truncated>
		<difficult>0</difficult>
		<bndbox>
			<xmin>632</xmin>
			<ymin>2468</ymin>
			<xmax>717</xmax>
			<ymax>2533</ymax>
		</bndbox>
	</object>
	<object>
		<name/>
		<pose>Unspecified</pose>
		<truncated>0</truncated>
		<difficult>0</difficult>
		<bndbox>
			<xmin>513</xmin>
			<ymin>2468</ymin>
			<xmax>618</xmax>
			<ymax>2533</ymax>
		</bndbox>
	</object>
	<object>
		<name/>
		<pose>Unspecified</pose>
		<truncated>0</truncated>
		<difficult>0</difficult>
		<bndbox>
			<xmin>372</xmin>
			<ymin>2379</ymin>
			<xmax>577</xmax>
			<ymax>2451</ymax>
		</bndbox>
	</object>
	<object>
		<name/>
		<pose>Unspecified</pose>
		<truncated>0</truncated>
		<difficult>0</difficult>
		<bndbox>
			<xmin>270</xmin>
			<ymin>2379</ymin>
			<xmax>371</xmax>
			<ymax>2450</ymax>
		</bndbox>
	</object>
	<object>
		<name/>
		<pose>Unspecified</pose>
		<truncated>0</truncated>
		<difficult>0</difficult>
		<bndbox>
			<xmin>1450</xmin>
			<ymin>2344</ymin>
			<xmax>1702</xmax>
			<ymax>2409</ymax>
		</bndbox>
	</object>
	<object>
		<name/>
		<pose>Unspecified</pose>
		<truncated>0</truncated>
		<difficult>0</difficult>
		<bndbox>
			<xmin>1083</xmin>
			<ymin>2339</ymin>
			<xmax>1328</xmax>
			<ymax>2405</ymax>
		</bndbox>
	</object>
	<object>
		<name/>
		<pose>Unspecified</pose>
		<truncated>0</truncated>
		<difficult>0</difficult>
		<bndbox>
			<xmin>659</xmin>
			<ymin>2303</ymin>
			<xmax>751</xmax>
			<ymax>2366</ymax>
		</bndbox>
	</object>
	<object>
		<name/>
		<pose>Unspecified</pose>
		<truncated>0</truncated>
		<difficult>0</difficult>
		<bndbox>
			<xmin>270</xmin>
			<ymin>2215</ymin>
			<xmax>459</xmax>
			<ymax>2279</ymax>
		</bndbox>
	</object>
	<object>
		<name/>
		<pose>Unspecified</pose>
		<truncated>0</truncated>
		<difficult>0</difficult>
		<bndbox>
			<xmin>1455</xmin>
			<ymin>2135</ymin>
			<xmax>1697</xmax>
			<ymax>2196</ymax>
		</bndbox>
	</object>
	<object>
		<name/>
		<pose>Unspecified</pose>
		<truncated>0</truncated>
		<difficult>0</difficult>
		<bndbox>
			<xmin>1206</xmin>
			<ymin>2132</ymin>
			<xmax>1326</xmax>
			<ymax>2197</ymax>
		</bndbox>
	</object>
	<object>
		<name/>
		<pose>Unspecified</pose>
		<truncated>0</truncated>
		<difficult>0</difficult>
		<bndbox>
			<xmin>462</xmin>
			<ymin>2128</ymin>
			<xmax>615</xmax>
			<ymax>2207</ymax>
		</bndbox>
	</object>
	<object>
		<name/>
		<pose>Unspecified</pose>
		<truncated>0</truncated>
		<difficult>0</difficult>
		<bndbox>
			<xmin>316</xmin>
			<ymin>2132</ymin>
			<xmax>457</xmax>
			<ymax>2192</ymax>
		</bndbox>
	</object>
	<object>
		<name/>
		<pose>Unspecified</pose>
		<truncated>0</truncated>
		<difficult>0</difficult>
		<bndbox>
			<xmin>159</xmin>
			<ymin>2138</ymin>
			<xmax>206</xmax>
			<ymax>2190</ymax>
		</bndbox>
	</object>
	<object>
		<name/>
		<pose>Unspecified</pose>
		<truncated>0</truncated>
		<difficult>0</difficult>
		<bndbox>
			<xmin>1119</xmin>
			<ymin>2132</ymin>
			<xmax>1203</xmax>
			<ymax>2195</ymax>
		</bndbox>
	</object>
	<object>
		<name/>
		<pose>Unspecified</pose>
		<truncated>0</truncated>
		<difficult>0</difficult>
		<bndbox>
			<xmin>264</xmin>
			<ymin>1960</ymin>
			<xmax>506</xmax>
			<ymax>2035</ymax>
		</bndbox>
	</object>
	<object>
		<name/>
		<pose>Unspecified</pose>
		<truncated>0</truncated>
		<difficult>0</difficult>
		<bndbox>
			<xmin>1439</xmin>
			<ymin>1925</ymin>
			<xmax>1703</xmax>
			<ymax>1992</ymax>
		</bndbox>
	</object>
	<object>
		<name/>
		<pose>Unspecified</pose>
		<truncated>0</truncated>
		<difficult>0</difficult>
		<bndbox>
			<xmin>1083</xmin>
			<ymin>1920</ymin>
			<xmax>1323</xmax>
			<ymax>1985</ymax>
		</bndbox>
	</object>
	<object>
		<name/>
		<pose>Unspecified</pose>
		<truncated>0</truncated>
		<difficult>0</difficult>
		<bndbox>
			<xmin>160</xmin>
			<ymin>1925</ymin>
			<xmax>206</xmax>
			<ymax>1984</ymax>
		</bndbox>
	</object>
	<object>
		<name/>
		<pose>Unspecified</pose>
		<truncated>0</truncated>
		<difficult>0</difficult>
		<bndbox>
			<xmin>419</xmin>
			<ymin>1882</ymin>
			<xmax>488</xmax>
			<ymax>1947</ymax>
		</bndbox>
	</object>
	<object>
		<name/>
		<pose>Unspecified</pose>
		<truncated>0</truncated>
		<difficult>0</difficult>
		<bndbox>
			<xmin>346</xmin>
			<ymin>1882</ymin>
			<xmax>414</xmax>
			<ymax>1943</ymax>
		</bndbox>
	</object>
	<object>
		<name/>
		<pose>Unspecified</pose>
		<truncated>0</truncated>
		<difficult>0</difficult>
		<bndbox>
			<xmin>266</xmin>
			<ymin>1876</ymin>
			<xmax>344</xmax>
			<ymax>1945</ymax>
		</bndbox>
	</object>
	<object>
		<name/>
		<pose>Unspecified</pose>
		<truncated>0</truncated>
		<difficult>0</difficult>
		<bndbox>
			<xmin>433</xmin>
			<ymin>1786</ymin>
			<xmax>524</xmax>
			<ymax>1857</ymax>
		</bndbox>
	</object>
	<object>
		<name/>
		<pose>Unspecified</pose>
		<truncated>0</truncated>
		<difficult>0</difficult>
		<bndbox>
			<xmin>265</xmin>
			<ymin>1784</ymin>
			<xmax>422</xmax>
			<ymax>1852</ymax>
		</bndbox>
	</object>
	<object>
		<name/>
		<pose>Unspecified</pose>
		<truncated>0</truncated>
		<difficult>0</difficult>
		<bndbox>
			<xmin>1440</xmin>
			<ymin>1754</ymin>
			<xmax>1701</xmax>
			<ymax>1821</ymax>
		</bndbox>
	</object>
	<object>
		<name/>
		<pose>Unspecified</pose>
		<truncated>0</truncated>
		<difficult>0</difficult>
		<bndbox>
			<xmin>1076</xmin>
			<ymin>1756</ymin>
			<xmax>1330</xmax>
			<ymax>1823</ymax>
		</bndbox>
	</object>
	<object>
		<name/>
		<pose>Unspecified</pose>
		<truncated>0</truncated>
		<difficult>0</difficult>
		<bndbox>
			<xmin>579</xmin>
			<ymin>1710</ymin>
			<xmax>692</xmax>
			<ymax>1785</ymax>
		</bndbox>
	</object>
	<object>
		<name/>
		<pose>Unspecified</pose>
		<truncated>0</truncated>
		<difficult>0</difficult>
		<bndbox>
			<xmin>1446</xmin>
			<ymin>1616</ymin>
			<xmax>1691</xmax>
			<ymax>1683</ymax>
		</bndbox>
	</object>
	<object>
		<name/>
		<pose>Unspecified</pose>
		<truncated>0</truncated>
		<difficult>0</difficult>
		<bndbox>
			<xmin>1196</xmin>
			<ymin>1618</ymin>
			<xmax>1324</xmax>
			<ymax>1681</ymax>
		</bndbox>
	</object>
	<object>
		<name/>
		<pose>Unspecified</pose>
		<truncated>0</truncated>
		<difficult>0</difficult>
		<bndbox>
			<xmin>1078</xmin>
			<ymin>1619</ymin>
			<xmax>1195</xmax>
			<ymax>1678</ymax>
		</bndbox>
	</object>
	<object>
		<name/>
		<pose>Unspecified</pose>
		<truncated>0</truncated>
		<difficult>0</difficult>
		<bndbox>
			<xmin>642</xmin>
			<ymin>1615</ymin>
			<xmax>737</xmax>
			<ymax>1693</ymax>
		</bndbox>
	</object>
	<object>
		<name/>
		<pose>Unspecified</pose>
		<truncated>0</truncated>
		<difficult>0</difficult>
		<bndbox>
			<xmin>533</xmin>
			<ymin>1618</ymin>
			<xmax>628</xmax>
			<ymax>1681</ymax>
		</bndbox>
	</object>
	<object>
		<name/>
		<pose>Unspecified</pose>
		<truncated>0</truncated>
		<difficult>0</difficult>
		<bndbox>
			<xmin>159</xmin>
			<ymin>1621</ymin>
			<xmax>198</xmax>
			<ymax>1678</ymax>
		</bndbox>
	</object>
	<object>
		<name/>
		<pose>Unspecified</pose>
		<truncated>0</truncated>
		<difficult>0</difficult>
		<bndbox>
			<xmin>268</xmin>
			<ymin>1613</ymin>
			<xmax>339</xmax>
			<ymax>1682</ymax>
		</bndbox>
	</object>
	<object>
		<name/>
		<pose>Unspecified</pose>
		<truncated>0</truncated>
		<difficult>0</difficult>
		<bndbox>
			<xmin>349</xmin>
			<ymin>1497</ymin>
			<xmax>691</xmax>
			<ymax>1574</ymax>
		</bndbox>
	</object>
	<object>
		<name/>
		<pose>Unspecified</pose>
		<truncated>0</truncated>
		<difficult>0</difficult>
		<bndbox>
			<xmin>1454</xmin>
			<ymin>1497</ymin>
			<xmax>1700</xmax>
			<ymax>1564</ymax>
		</bndbox>
	</object>
	<object>
		<name/>
		<pose>Unspecified</pose>
		<truncated>0</truncated>
		<difficult>0</difficult>
		<bndbox>
			<xmin>136</xmin>
			<ymin>1500</ymin>
			<xmax>218</xmax>
			<ymax>1556</ymax>
		</bndbox>
	</object>
	<object>
		<name/>
		<pose>Unspecified</pose>
		<truncated>0</truncated>
		<difficult>0</difficult>
		<bndbox>
			<xmin>804</xmin>
			<ymin>1491</ymin>
			<xmax>941</xmax>
			<ymax>1571</ymax>
		</bndbox>
	</object>
	<object>
		<name/>
		<pose>Unspecified</pose>
		<truncated>0</truncated>
		<difficult>0</difficult>
		<bndbox>
			<xmin>104</xmin>
			<ymin>1401</ymin>
			<xmax>353</xmax>
			<ymax>1470</ymax>
		</bndbox>
	</object>
	<object>
		<name/>
		<pose>Unspecified</pose>
		<truncated>0</truncated>
		<difficult>0</difficult>
		<bndbox>
			<xmin>547</xmin>
			<ymin>1397</ymin>
			<xmax>711</xmax>
			<ymax>1471</ymax>
		</bndbox>
	</object>
	<object>
		<name/>
		<pose>Unspecified</pose>
		<truncated>0</truncated>
		<difficult>0</difficult>
		<bndbox>
			<xmin>453</xmin>
			<ymin>1402</ymin>
			<xmax>545</xmax>
			<ymax>1465</ymax>
		</bndbox>
	</object>
	<object>
		<name/>
		<pose>Unspecified</pose>
		<truncated>0</truncated>
		<difficult>0</difficult>
		<bndbox>
			<xmin>104</xmin>
			<ymin>1302</ymin>
			<xmax>262</xmax>
			<ymax>1360</ymax>
		</bndbox>
	</object>
	<object>
		<name/>
		<pose>Unspecified</pose>
		<truncated>0</truncated>
		<difficult>0</difficult>
		<bndbox>
			<xmin>273</xmin>
			<ymin>1302</ymin>
			<xmax>354</xmax>
			<ymax>1360</ymax>
		</bndbox>
	</object>
	<object>
		<name/>
		<pose>Unspecified</pose>
		<truncated>0</truncated>
		<difficult>0</difficult>
		<bndbox>
			<xmin>1114</xmin>
			<ymin>1300</ymin>
			<xmax>1257</xmax>
			<ymax>1362</ymax>
		</bndbox>
	</object>
	<object>
		<name/>
		<pose>Unspecified</pose>
		<truncated>0</truncated>
		<difficult>0</difficult>
		<bndbox>
			<xmin>1264</xmin>
			<ymin>1300</ymin>
			<xmax>1395</xmax>
			<ymax>1360</ymax>
		</bndbox>
	</object>
	<object>
		<name/>
		<pose>Unspecified</pose>
		<truncated>0</truncated>
		<difficult>0</difficult>
		<bndbox>
			<xmin>443</xmin>
			<ymin>1298</ymin>
			<xmax>605</xmax>
			<ymax>1361</ymax>
		</bndbox>
	</object>
	<object>
		<name/>
		<pose>Unspecified</pose>
		<truncated>0</truncated>
		<difficult>0</difficult>
		<bndbox>
			<xmin>1310</xmin>
			<ymin>1196</ymin>
			<xmax>1640</xmax>
			<ymax>1264</ymax>
		</bndbox>
	</object>
	<object>
		<name/>
		<pose>Unspecified</pose>
		<truncated>0</truncated>
		<difficult>0</difficult>
		<bndbox>
			<xmin>355</xmin>
			<ymin>1195</ymin>
			<xmax>567</xmax>
			<ymax>1261</ymax>
		</bndbox>
	</object>
	<object>
		<name/>
		<pose>Unspecified</pose>
		<truncated>0</truncated>
		<difficult>0</difficult>
		<bndbox>
			<xmin>1103</xmin>
			<ymin>1193</ymin>
			<xmax>1270</xmax>
			<ymax>1261</ymax>
		</bndbox>
	</object>
	<object>
		<name/>
		<pose>Unspecified</pose>
		<truncated>0</truncated>
		<difficult>0</difficult>
		<bndbox>
			<xmin>113</xmin>
			<ymin>1191</ymin>
			<xmax>214</xmax>
			<ymax>1265</ymax>
		</bndbox>
	</object>
	<object>
		<name/>
		<pose>Unspecified</pose>
		<truncated>0</truncated>
		<difficult>0</difficult>
		<bndbox>
			<xmin>1103</xmin>
			<ymin>1114</ymin>
			<xmax>1284</xmax>
			<ymax>1169</ymax>
		</bndbox>
	</object>
	<object>
		<name/>
		<pose>Unspecified</pose>
		<truncated>0</truncated>
		<difficult>0</difficult>
		<bndbox>
			<xmin>340</xmin>
			<ymin>1107</ymin>
			<xmax>520</xmax>
			<ymax>1181</ymax>
		</bndbox>
	</object>
	<object>
		<name/>
		<pose>Unspecified</pose>
		<truncated>0</truncated>
		<difficult>0</difficult>
		<bndbox>
			<xmin>619</xmin>
			<ymin>1102</ymin>
			<xmax>740</xmax>
			<ymax>1169</ymax>
		</bndbox>
	</object>
	<object>
		<name/>
		<pose>Unspecified</pose>
		<truncated>0</truncated>
		<difficult>0</difficult>
		<bndbox>
			<xmin>106</xmin>
			<ymin>1101</ymin>
			<xmax>284</xmax>
			<ymax>1169</ymax>
		</bndbox>
	</object>
	<object>
		<name/>
		<pose>Unspecified</pose>
		<truncated>0</truncated>
		<difficult>0</difficult>
		<bndbox>
			<xmin>1591</xmin>
			<ymin>1107</ymin>
			<xmax>1639</xmax>
			<ymax>1165</ymax>
		</bndbox>
	</object>
	<object>
		<name/>
		<pose>Unspecified</pose>
		<truncated>0</truncated>
		<difficult>0</difficult>
		<bndbox>
			<xmin>521</xmin>
			<ymin>1106</ymin>
			<xmax>571</xmax>
			<ymax>1166</ymax>
		</bndbox>
	</object>
	<object>
		<name/>
		<pose>Unspecified</pose>
		<truncated>0</truncated>
		<difficult>0</difficult>
		<bndbox>
			<xmin>523</xmin>
			<ymin>844</ymin>
			<xmax>679</xmax>
			<ymax>924</ymax>
		</bndbox>
	</object>
	<object>
		<name/>
		<pose>Unspecified</pose>
		<truncated>0</truncated>
		<difficult>0</difficult>
		<bndbox>
			<xmin>1423</xmin>
			<ymin>683</ymin>
			<xmax>1561</xmax>
			<ymax>771</ymax>
		</bndbox>
	</object>
	<object>
		<name/>
		<pose>Unspecified</pose>
		<truncated>0</truncated>
		<difficult>0</difficult>
		<bndbox>
			<xmin>1287</xmin>
			<ymin>687</ymin>
			<xmax>1409</xmax>
			<ymax>767</ymax>
		</bndbox>
	</object>
	<object>
		<name>1</name>
		<pose>Unspecified</pose>
		<truncated>0</truncated>
		<difficult>0</difficult>
		<bndbox>
			<xmin>216</xmin>
			<ymin>693</ymin>
			<xmax>309</xmax>
			<ymax>776</ymax>
		</bndbox>
	</object>
	<object>
		<name>1</name>
		<pose>Unspecified</pose>
		<truncated>0</truncated>
		<difficult>0</difficult>
		<bndbox>
			<xmin>343</xmin>
			<ymin>693</ymin>
			<xmax>467</xmax>
			<ymax>786</ymax>
		</bndbox>
	</object>
	<object>
		<name>1</name>
		<pose>Unspecified</pose>
		<truncated>0</truncated>
		<difficult>0</difficult>
		<bndbox>
			<xmin>495</xmin>
			<ymin>692</ymin>
			<xmax>678</xmax>
			<ymax>786</ymax>
		</bndbox>
	</object>
	<object>
		<name>1</name>
		<pose>Unspecified</pose>
		<truncated>0</truncated>
		<difficult>0</difficult>
		<bndbox>
			<xmin>712</xmin>
			<ymin>693</ymin>
			<xmax>883</xmax>
			<ymax>778</ymax>
		</bndbox>
	</object>
	<object>
		<name>1</name>
		<pose>Unspecified</pose>
		<truncated>0</truncated>
		<difficult>0</difficult>
		<bndbox>
			<xmin>907</xmin>
			<ymin>692</ymin>
			<xmax>1031</xmax>
			<ymax>793</ymax>
		</bndbox>
	</object>
	<object>
		<name>1</name>
		<pose>Unspecified</pose>
		<truncated>0</truncated>
		<difficult>0</difficult>
		<bndbox>
			<xmin>1052</xmin>
			<ymin>691</ymin>
			<xmax>1259</xmax>
			<ymax>788</ymax>
		</bndbox>
	</object>
	<object>
		<name>1</name>
		<pose>Unspecified</pose>
		<truncated>0</truncated>
		<difficult>0</difficult>
		<bndbox>
			<xmin>702</xmin>
			<ymin>847</ymin>
			<xmax>1267</xmax>
			<ymax>926</ymax>
		</bndbox>
	</object>
	<object>
		<name>1</name>
		<pose>Unspecified</pose>
		<truncated>0</truncated>
		<difficult>0</difficult>
		<bndbox>
			<xmin>783</xmin>
			<ymin>1013</ymin>
			<xmax>1015</xmax>
			<ymax>1100</ymax>
		</bndbox>
	</object>
	<object>
		<name>1</name>
		<pose>Unspecified</pose>
		<truncated>0</truncated>
		<difficult>0</difficult>
		<bndbox>
			<xmin>1463</xmin>
			<ymin>1300</ymin>
			<xmax>1636</xmax>
			<ymax>1361</ymax>
		</bndbox>
	</object>
	<object>
		<name>1</name>
		<pose>Unspecified</pose>
		<truncated>0</truncated>
		<difficult>0</difficult>
		<bndbox>
			<xmin>581</xmin>
			<ymin>1130</ymin>
			<xmax>608</xmax>
			<ymax>1155</ymax>
		</bndbox>
	</object>
	<object>
		<name>1</name>
		<pose>Unspecified</pose>
		<truncated>0</truncated>
		<difficult>0</difficult>
		<bndbox>
			<xmin>1070</xmin>
			<ymin>1499</ymin>
			<xmax>1229</xmax>
			<ymax>1564</ymax>
		</bndbox>
	</object>
	<object>
		<name>1</name>
		<pose>Unspecified</pose>
		<truncated>0</truncated>
		<difficult>0</difficult>
		<bndbox>
			<xmin>829</xmin>
			<ymin>1620</ymin>
			<xmax>931</xmax>
			<ymax>1691</ymax>
		</bndbox>
	</object>
	<object>
		<name>1</name>
		<pose>Unspecified</pose>
		<truncated>0</truncated>
		<difficult>0</difficult>
		<bndbox>
			<xmin>831</xmin>
			<ymin>1758</ymin>
			<xmax>926</xmax>
			<ymax>1824</ymax>
		</bndbox>
	</object>
	<object>
		<name>1</name>
		<pose>Unspecified</pose>
		<truncated>0</truncated>
		<difficult>0</difficult>
		<bndbox>
			<xmin>829</xmin>
			<ymin>1926</ymin>
			<xmax>928</xmax>
			<ymax>1993</ymax>
		</bndbox>
	</object>
	<object>
		<name>1</name>
		<pose>Unspecified</pose>
		<truncated>0</truncated>
		<difficult>0</difficult>
		<bndbox>
			<xmin>828</xmin>
			<ymin>2136</ymin>
			<xmax>932</xmax>
			<ymax>2203</ymax>
		</bndbox>
	</object>
	<object>
		<name>1</name>
		<pose>Unspecified</pose>
		<truncated>0</truncated>
		<difficult>0</difficult>
		<bndbox>
			<xmin>836</xmin>
			<ymin>2345</ymin>
			<xmax>933</xmax>
			<ymax>2414</ymax>
		</bndbox>
	</object>
	<object>
		<name>1</name>
		<pose>Unspecified</pose>
		<truncated>0</truncated>
		<difficult>0</difficult>
		<bndbox>
			<xmin>840</xmin>
			<ymin>2516</ymin>
			<xmax>931</xmax>
			<ymax>2582</ymax>
		</bndbox>
	</object>
	<object>
		<name>1</name>
		<pose>Unspecified</pose>
		<truncated>0</truncated>
		<difficult>0</difficult>
		<bndbox>
			<xmin>832</xmin>
			<ymin>2651</ymin>
			<xmax>932</xmax>
			<ymax>2719</ymax>
		</bndbox>
	</object>
	<object>
		<name>1</name>
		<pose>Unspecified</pose>
		<truncated>0</truncated>
		<difficult>0</difficult>
		<bndbox>
			<xmin>839</xmin>
			<ymin>2831</ymin>
			<xmax>935</xmax>
			<ymax>2896</ymax>
		</bndbox>
	</object>
	<object>
		<name>1</name>
		<pose>Unspecified</pose>
		<truncated>0</truncated>
		<difficult>0</difficult>
		<bndbox>
			<xmin>842</xmin>
			<ymin>3081</ymin>
			<xmax>938</xmax>
			<ymax>3148</ymax>
		</bndbox>
	</object>
	<object>
		<name>1</name>
		<pose>Unspecified</pose>
		<truncated>0</truncated>
		<difficult>0</difficult>
		<bndbox>
			<xmin>1360</xmin>
			<ymin>3929</ymin>
			<xmax>1666</xmax>
			<ymax>3988</ymax>
		</bndbox>
	</object>
	<object>
		<name>1</name>
		<pose>Unspecified</pose>
		<truncated>0</truncated>
		<difficult>0</difficult>
		<bndbox>
			<xmin>247</xmin>
			<ymin>3923</ymin>
			<xmax>514</xmax>
			<ymax>3984</ymax>
		</bndbox>
	</object>
	<object>
		<name>1</name>
		<pose>Unspecified</pose>
		<truncated>0</truncated>
		<difficult>0</difficult>
		<bndbox>
			<xmin>1287</xmin>
			<ymin>3827</ymin>
			<xmax>1660</xmax>
			<ymax>3893</ymax>
		</bndbox>
	</object>
	<object>
		<name>1</name>
		<pose>Unspecified</pose>
		<truncated>0</truncated>
		<difficult>0</difficult>
		<bndbox>
			<xmin>271</xmin>
			<ymin>2647</ymin>
			<xmax>362</xmax>
			<ymax>2714</ymax>
		</bndbox>
	</object>
	<object>
		<name>1</name>
		<pose>Unspecified</pose>
		<truncated>0</truncated>
		<difficult>0</difficult>
		<bndbox>
			<xmin>171</xmin>
			<ymin>2651</ymin>
			<xmax>205</xmax>
			<ymax>2705</ymax>
		</bndbox>
	</object>
	<object>
		<name>1</name>
		<pose>Unspecified</pose>
		<truncated>0</truncated>
		<difficult>0</difficult>
		<bndbox>
			<xmin>167</xmin>
			<ymin>2350</ymin>
			<xmax>208</xmax>
			<ymax>2405</ymax>
		</bndbox>
	</object>
	<object>
		<name>1</name>
		<pose>Unspecified</pose>
		<truncated>0</truncated>
		<difficult>0</difficult>
		<bndbox>
			<xmin>273</xmin>
			<ymin>2300</ymin>
			<xmax>343</xmax>
			<ymax>2371</ymax>
		</bndbox>
	</object>
	<object>
		<name>1</name>
		<pose>Unspecified</pose>
		<truncated>0</truncated>
		<difficult>0</difficult>
		<bndbox>
			<xmin>347</xmin>
			<ymin>2302</ymin>
			<xmax>418</xmax>
			<ymax>2369</ymax>
		</bndbox>
	</object>
	<object>
		<name>1</name>
		<pose>Unspecified</pose>
		<truncated>0</truncated>
		<difficult>0</difficult>
		<bndbox>
			<xmin>425</xmin>
			<ymin>2299</ymin>
			<xmax>490</xmax>
			<ymax>2369</ymax>
		</bndbox>
	</object>
	<object>
		<name>1</name>
		<pose>Unspecified</pose>
		<truncated>0</truncated>
		<difficult>0</difficult>
		<bndbox>
			<xmin>502</xmin>
			<ymin>2298</ymin>
			<xmax>566</xmax>
			<ymax>2369</ymax>
		</bndbox>
	</object>
	<object>
		<name>1</name>
		<pose>Unspecified</pose>
		<truncated>0</truncated>
		<difficult>0</difficult>
		<bndbox>
			<xmin>573</xmin>
			<ymin>2299</ymin>
			<xmax>632</xmax>
			<ymax>2369</ymax>
		</bndbox>
	</object>
	<object>
		<name>1</name>
		<pose>Unspecified</pose>
		<truncated>0</truncated>
		<difficult>0</difficult>
		<bndbox>
			<xmin>612</xmin>
			<ymin>545</ymin>
			<xmax>1114</xmax>
			<ymax>637</ymax>
		</bndbox>
	</object>
	<object>
		<name>1</name>
		<pose>Unspecified</pose>
		<truncated>0</truncated>
		<difficult>0</difficult>
		<bndbox>
			<xmin>345</xmin>
			<ymin>1613</ymin>
			<xmax>411</xmax>
			<ymax>1682</ymax>
		</bndbox>
	</object>
	<object>
		<name>1</name>
		<pose>Unspecified</pose>
		<truncated>0</truncated>
		<difficult>0</difficult>
		<bndbox>
			<xmin>416</xmin>
			<ymin>1614</ymin>
			<xmax>483</xmax>
			<ymax>1684</ymax>
		</bndbox>
	</object>
	<object>
		<name>1</name>
		<pose>Unspecified</pose>
		<truncated>0</truncated>
		<difficult>0</difficult>
		<bndbox>
			<xmin>269</xmin>
			<ymin>1716</ymin>
			<xmax>342</xmax>
			<ymax>1778</ymax>
		</bndbox>
	</object>
	<object>
		<name>1</name>
		<pose>Unspecified</pose>
		<truncated>0</truncated>
		<difficult>0</difficult>
		<bndbox>
			<xmin>349</xmin>
			<ymin>1712</ymin>
			<xmax>409</xmax>
			<ymax>1779</ymax>
		</bndbox>
	</object>
	<object>
		<name>1</name>
		<pose>Unspecified</pose>
		<truncated>0</truncated>
		<difficult>0</difficult>
		<bndbox>
			<xmin>416</xmin>
			<ymin>1712</ymin>
			<xmax>484</xmax>
			<ymax>1778</ymax>
		</bndbox>
	</object>
	<object>
		<name>1</name>
		<pose>Unspecified</pose>
		<truncated>0</truncated>
		<difficult>0</difficult>
		<bndbox>
			<xmin>497</xmin>
			<ymin>1712</ymin>
			<xmax>562</xmax>
			<ymax>1781</ymax>
		</bndbox>
	</object>
	<object>
		<name>1</name>
		<pose>Unspecified</pose>
		<truncated>0</truncated>
		<difficult>0</difficult>
		<bndbox>
			<xmin>159</xmin>
			<ymin>1760</ymin>
			<xmax>202</xmax>
			<ymax>1816</ymax>
		</bndbox>
	</object>
	<object>
		<name>1</name>
		<pose>Unspecified</pose>
		<truncated>0</truncated>
		<difficult>0</difficult>
		<bndbox>
			<xmin>495</xmin>
			<ymin>1881</ymin>
			<xmax>566</xmax>
			<ymax>1948</ymax>
		</bndbox>
	</object>
	<object>
		<name>1</name>
		<pose>Unspecified</pose>
		<truncated>0</truncated>
		<difficult>0</difficult>
		<bndbox>
			<xmin>569</xmin>
			<ymin>1884</ymin>
			<xmax>632</xmax>
			<ymax>1957</ymax>
		</bndbox>
	</object>
	<object>
		<name>1</name>
		<pose>Unspecified</pose>
		<truncated>0</truncated>
		<difficult>0</difficult>
		<bndbox>
			<xmin>269</xmin>
			<ymin>2133</ymin>
			<xmax>304</xmax>
			<ymax>2209</ymax>
		</bndbox>
	</object>
	<object>
		<name>1</name>
		<pose>Unspecified</pose>
		<truncated>0</truncated>
		<difficult>0</difficult>
		<bndbox>
			<xmin>273</xmin>
			<ymin>2048</ymin>
			<xmax>347</xmax>
			<ymax>2119</ymax>
		</bndbox>
	</object>
	<object>
		<name>1</name>
		<pose>Unspecified</pose>
		<truncated>0</truncated>
		<difficult>0</difficult>
		<bndbox>
			<xmin>354</xmin>
			<ymin>2048</ymin>
			<xmax>412</xmax>
			<ymax>2120</ymax>
		</bndbox>
	</object>
	<object>
		<name>1</name>
		<pose>Unspecified</pose>
		<truncated>0</truncated>
		<difficult>0</difficult>
		<bndbox>
			<xmin>422</xmin>
			<ymin>2051</ymin>
			<xmax>485</xmax>
			<ymax>2120</ymax>
		</bndbox>
	</object>
	<object>
		<name>1</name>
		<pose>Unspecified</pose>
		<truncated>0</truncated>
		<difficult>0</difficult>
		<bndbox>
			<xmin>518</xmin>
			<ymin>2047</ymin>
			<xmax>585</xmax>
			<ymax>2124</ymax>
		</bndbox>
	</object>
	<object>
		<name>1</name>
		<pose>Unspecified</pose>
		<truncated>0</truncated>
		<difficult>0</difficult>
		<bndbox>
			<xmin>594</xmin>
			<ymin>2048</ymin>
			<xmax>656</xmax>
			<ymax>2122</ymax>
		</bndbox>
	</object>
	<object>
		<name>1</name>
		<pose>Unspecified</pose>
		<truncated>0</truncated>
		<difficult>0</difficult>
		<bndbox>
			<xmin>276</xmin>
			<ymin>2469</ymin>
			<xmax>342</xmax>
			<ymax>2536</ymax>
		</bndbox>
	</object>
	<object>
		<name>1</name>
		<pose>Unspecified</pose>
		<truncated>0</truncated>
		<difficult>0</difficult>
		<bndbox>
			<xmin>350</xmin>
			<ymin>2465</ymin>
			<xmax>414</xmax>
			<ymax>2536</ymax>
		</bndbox>
	</object>
	<object>
		<name>1</name>
		<pose>Unspecified</pose>
		<truncated>0</truncated>
		<difficult>0</difficult>
		<bndbox>
			<xmin>422</xmin>
			<ymin>2467</ymin>
			<xmax>490</xmax>
			<ymax>2538</ymax>
		</bndbox>
	</object>
	<object>
		<name>1</name>
		<pose>Unspecified</pose>
		<truncated>0</truncated>
		<difficult>0</difficult>
		<bndbox>
			<xmin>276</xmin>
			<ymin>2740</ymin>
			<xmax>343</xmax>
			<ymax>2812</ymax>
		</bndbox>
	</object>
	<object>
		<name>1</name>
		<pose>Unspecified</pose>
		<truncated>0</truncated>
		<difficult>0</difficult>
		<bndbox>
			<xmin>354</xmin>
			<ymin>2741</ymin>
			<xmax>415</xmax>
			<ymax>2814</ymax>
		</bndbox>
	</object>
	<object>
		<name>1</name>
		<pose>Unspecified</pose>
		<truncated>0</truncated>
		<difficult>0</difficult>
		<bndbox>
			<xmin>425</xmin>
			<ymin>2743</ymin>
			<xmax>490</xmax>
			<ymax>2816</ymax>
		</bndbox>
	</object>
	<object>
		<name>1</name>
		<pose>Unspecified</pose>
		<truncated>0</truncated>
		<difficult>0</difficult>
		<bndbox>
			<xmin>369</xmin>
			<ymin>2989</ymin>
			<xmax>442</xmax>
			<ymax>3064</ymax>
		</bndbox>
	</object>
	<object>
		<name>1</name>
		<pose>Unspecified</pose>
		<truncated>0</truncated>
		<difficult>0</difficult>
		<bndbox>
			<xmin>452</xmin>
			<ymin>2991</ymin>
			<xmax>512</xmax>
			<ymax>3065</ymax>
		</bndbox>
	</object>
	<object>
		<name>1</name>
		<pose>Unspecified</pose>
		<truncated>0</truncated>
		<difficult>0</difficult>
		<bndbox>
			<xmin>519</xmin>
			<ymin>2993</ymin>
			<xmax>611</xmax>
			<ymax>3068</ymax>
		</bndbox>
	</object>
	<object>
		<name>1</name>
		<pose>Unspecified</pose>
		<truncated>0</truncated>
		<difficult>0</difficult>
		<bndbox>
			<xmin>625</xmin>
			<ymin>2992</ymin>
			<xmax>718</xmax>
			<ymax>3071</ymax>
		</bndbox>
	</object>
	<object>
		<name>1</name>
		<pose>Unspecified</pose>
		<truncated>0</truncated>
		<difficult>0</difficult>
		<bndbox>
			<xmin>284</xmin>
			<ymin>3237</ymin>
			<xmax>352</xmax>
			<ymax>3310</ymax>
		</bndbox>
	</object>
	<object>
		<name>1</name>
		<pose>Unspecified</pose>
		<truncated>0</truncated>
		<difficult>0</difficult>
		<bndbox>
			<xmin>359</xmin>
			<ymin>3238</ymin>
			<xmax>421</xmax>
			<ymax>3310</ymax>
		</bndbox>
	</object>
	<object>
		<name>1</name>
		<pose>Unspecified</pose>
		<truncated>0</truncated>
		<difficult>0</difficult>
		<bndbox>
			<xmin>431</xmin>
			<ymin>3241</ymin>
			<xmax>495</xmax>
			<ymax>3312</ymax>
		</bndbox>
	</object>
</annotation>
