<annotation>
	<folder>vireceipt_xml</folder>
	<filename>no_0007.jpg</filename>
	<path>/data20.04/data/1.SDV_Medical_Doc/5.Evaluation/vireceipt_xml/no_0007.jpg</path>
	<source>
		<database>Unknown</database>
	</source>
	<size>
		<width>876</width>
		<height>2188</height>
		<depth>3</depth>
	</size>
	<segmented>0</segmented>
	<object>
		<name/>
		<pose>Unspecified</pose>
		<truncated>0</truncated>
		<difficult>0</difficult>
		<bndbox>
			<xmin>390</xmin>
			<ymin>1904</ymin>
			<xmax>405</xmax>
			<ymax>1931</ymax>
		</bndbox>
	</object>
	<object>
		<name/>
		<pose>Unspecified</pose>
		<truncated>0</truncated>
		<difficult>0</difficult>
		<bndbox>
			<xmin>175</xmin>
			<ymin>1896</ymin>
			<xmax>287</xmax>
			<ymax>1941</ymax>
		</bndbox>
	</object>
	<object>
		<name/>
		<pose>Unspecified</pose>
		<truncated>0</truncated>
		<difficult>0</difficult>
		<bndbox>
			<xmin>423</xmin>
			<ymin>1894</ymin>
			<xmax>539</xmax>
			<ymax>1935</ymax>
		</bndbox>
	</object>
	<object>
		<name/>
		<pose>Unspecified</pose>
		<truncated>0</truncated>
		<difficult>0</difficult>
		<bndbox>
			<xmin>302</xmin>
			<ymin>1893</ymin>
			<xmax>375</xmax>
			<ymax>1933</ymax>
		</bndbox>
	</object>
	<object>
		<name/>
		<pose>Unspecified</pose>
		<truncated>0</truncated>
		<difficult>0</difficult>
		<bndbox>
			<xmin>209</xmin>
			<ymin>1845</ymin>
			<xmax>797</xmax>
			<ymax>1887</ymax>
		</bndbox>
	</object>
	<object>
		<name/>
		<pose>Unspecified</pose>
		<truncated>0</truncated>
		<difficult>0</difficult>
		<bndbox>
			<xmin>99</xmin>
			<ymin>1841</ymin>
			<xmax>191</xmax>
			<ymax>1879</ymax>
		</bndbox>
	</object>
	<object>
		<name/>
		<pose>Unspecified</pose>
		<truncated>0</truncated>
		<difficult>0</difficult>
		<bndbox>
			<xmin>389</xmin>
			<ymin>1801</ymin>
			<xmax>448</xmax>
			<ymax>1833</ymax>
		</bndbox>
	</object>
	<object>
		<name/>
		<pose>Unspecified</pose>
		<truncated>0</truncated>
		<difficult>0</difficult>
		<bndbox>
			<xmin>605</xmin>
			<ymin>1799</ymin>
			<xmax>694</xmax>
			<ymax>1843</ymax>
		</bndbox>
	</object>
	<object>
		<name/>
		<pose>Unspecified</pose>
		<truncated>0</truncated>
		<difficult>0</difficult>
		<bndbox>
			<xmin>208</xmin>
			<ymin>1799</ymin>
			<xmax>252</xmax>
			<ymax>1834</ymax>
		</bndbox>
	</object>
	<object>
		<name/>
		<pose>Unspecified</pose>
		<truncated>0</truncated>
		<difficult>0</difficult>
		<bndbox>
			<xmin>710</xmin>
			<ymin>1798</ymin>
			<xmax>785</xmax>
			<ymax>1840</ymax>
		</bndbox>
	</object>
	<object>
		<name/>
		<pose>Unspecified</pose>
		<truncated>0</truncated>
		<difficult>0</difficult>
		<bndbox>
			<xmin>457</xmin>
			<ymin>1795</ymin>
			<xmax>519</xmax>
			<ymax>1834</ymax>
		</bndbox>
	</object>
	<object>
		<name/>
		<pose>Unspecified</pose>
		<truncated>0</truncated>
		<difficult>0</difficult>
		<bndbox>
			<xmin>262</xmin>
			<ymin>1798</ymin>
			<xmax>288</xmax>
			<ymax>1841</ymax>
		</bndbox>
	</object>
	<object>
		<name/>
		<pose>Unspecified</pose>
		<truncated>0</truncated>
		<difficult>0</difficult>
		<bndbox>
			<xmin>298</xmin>
			<ymin>1794</ymin>
			<xmax>376</xmax>
			<ymax>1834</ymax>
		</bndbox>
	</object>
	<object>
		<name/>
		<pose>Unspecified</pose>
		<truncated>0</truncated>
		<difficult>0</difficult>
		<bndbox>
			<xmin>532</xmin>
			<ymin>1799</ymin>
			<xmax>588</xmax>
			<ymax>1835</ymax>
		</bndbox>
	</object>
	<object>
		<name/>
		<pose>Unspecified</pose>
		<truncated>0</truncated>
		<difficult>0</difficult>
		<bndbox>
			<xmin>105</xmin>
			<ymin>1788</ymin>
			<xmax>195</xmax>
			<ymax>1831</ymax>
		</bndbox>
	</object>
	<object>
		<name/>
		<pose>Unspecified</pose>
		<truncated>0</truncated>
		<difficult>0</difficult>
		<bndbox>
			<xmin>706</xmin>
			<ymin>1705</ymin>
			<xmax>782</xmax>
			<ymax>1746</ymax>
		</bndbox>
	</object>
	<object>
		<name/>
		<pose>Unspecified</pose>
		<truncated>0</truncated>
		<difficult>0</difficult>
		<bndbox>
			<xmin>262</xmin>
			<ymin>1701</ymin>
			<xmax>338</xmax>
			<ymax>1738</ymax>
		</bndbox>
	</object>
	<object>
		<name/>
		<pose>Unspecified</pose>
		<truncated>0</truncated>
		<difficult>0</difficult>
		<bndbox>
			<xmin>351</xmin>
			<ymin>1702</ymin>
			<xmax>410</xmax>
			<ymax>1738</ymax>
		</bndbox>
	</object>
	<object>
		<name/>
		<pose>Unspecified</pose>
		<truncated>0</truncated>
		<difficult>0</difficult>
		<bndbox>
			<xmin>601</xmin>
			<ymin>1700</ymin>
			<xmax>695</xmax>
			<ymax>1744</ymax>
		</bndbox>
	</object>
	<object>
		<name/>
		<pose>Unspecified</pose>
		<truncated>0</truncated>
		<difficult>0</difficult>
		<bndbox>
			<xmin>425</xmin>
			<ymin>1700</ymin>
			<xmax>516</xmax>
			<ymax>1741</ymax>
		</bndbox>
	</object>
	<object>
		<name/>
		<pose>Unspecified</pose>
		<truncated>0</truncated>
		<difficult>0</difficult>
		<bndbox>
			<xmin>531</xmin>
			<ymin>1694</ymin>
			<xmax>590</xmax>
			<ymax>1734</ymax>
		</bndbox>
	</object>
	<object>
		<name/>
		<pose>Unspecified</pose>
		<truncated>0</truncated>
		<difficult>0</difficult>
		<bndbox>
			<xmin>100</xmin>
			<ymin>1683</ymin>
			<xmax>159</xmax>
			<ymax>1730</ymax>
		</bndbox>
	</object>
	<object>
		<name/>
		<pose>Unspecified</pose>
		<truncated>0</truncated>
		<difficult>0</difficult>
		<bndbox>
			<xmin>351</xmin>
			<ymin>1652</ymin>
			<xmax>409</xmax>
			<ymax>1681</ymax>
		</bndbox>
	</object>
	<object>
		<name/>
		<pose>Unspecified</pose>
		<truncated>0</truncated>
		<difficult>0</difficult>
		<bndbox>
			<xmin>636</xmin>
			<ymin>1646</ymin>
			<xmax>728</xmax>
			<ymax>1685</ymax>
		</bndbox>
	</object>
	<object>
		<name/>
		<pose>Unspecified</pose>
		<truncated>0</truncated>
		<difficult>0</difficult>
		<bndbox>
			<xmin>497</xmin>
			<ymin>1648</ymin>
			<xmax>553</xmax>
			<ymax>1684</ymax>
		</bndbox>
	</object>
	<object>
		<name/>
		<pose>Unspecified</pose>
		<truncated>0</truncated>
		<difficult>0</difficult>
		<bndbox>
			<xmin>419</xmin>
			<ymin>1644</ymin>
			<xmax>482</xmax>
			<ymax>1682</ymax>
		</bndbox>
	</object>
	<object>
		<name/>
		<pose>Unspecified</pose>
		<truncated>0</truncated>
		<difficult>0</difficult>
		<bndbox>
			<xmin>568</xmin>
			<ymin>1648</ymin>
			<xmax>622</xmax>
			<ymax>1686</ymax>
		</bndbox>
	</object>
	<object>
		<name/>
		<pose>Unspecified</pose>
		<truncated>0</truncated>
		<difficult>0</difficult>
		<bndbox>
			<xmin>245</xmin>
			<ymin>1643</ymin>
			<xmax>338</xmax>
			<ymax>1680</ymax>
		</bndbox>
	</object>
	<object>
		<name/>
		<pose>Unspecified</pose>
		<truncated>0</truncated>
		<difficult>0</difficult>
		<bndbox>
			<xmin>176</xmin>
			<ymin>1639</ymin>
			<xmax>234</xmax>
			<ymax>1689</ymax>
		</bndbox>
	</object>
	<object>
		<name/>
		<pose>Unspecified</pose>
		<truncated>0</truncated>
		<difficult>0</difficult>
		<bndbox>
			<xmin>266</xmin>
			<ymin>1545</ymin>
			<xmax>341</xmax>
			<ymax>1589</ymax>
		</bndbox>
	</object>
	<object>
		<name/>
		<pose>Unspecified</pose>
		<truncated>0</truncated>
		<difficult>0</difficult>
		<bndbox>
			<xmin>531</xmin>
			<ymin>1550</ymin>
			<xmax>609</xmax>
			<ymax>1585</ymax>
		</bndbox>
	</object>
	<object>
		<name/>
		<pose>Unspecified</pose>
		<truncated>0</truncated>
		<difficult>0</difficult>
		<bndbox>
			<xmin>619</xmin>
			<ymin>1549</ymin>
			<xmax>693</xmax>
			<ymax>1588</ymax>
		</bndbox>
	</object>
	<object>
		<name/>
		<pose>Unspecified</pose>
		<truncated>0</truncated>
		<difficult>0</difficult>
		<bndbox>
			<xmin>442</xmin>
			<ymin>1548</ymin>
			<xmax>513</xmax>
			<ymax>1585</ymax>
		</bndbox>
	</object>
	<object>
		<name/>
		<pose>Unspecified</pose>
		<truncated>0</truncated>
		<difficult>0</difficult>
		<bndbox>
			<xmin>354</xmin>
			<ymin>1548</ymin>
			<xmax>434</xmax>
			<ymax>1587</ymax>
		</bndbox>
	</object>
	<object>
		<name/>
		<pose>Unspecified</pose>
		<truncated>0</truncated>
		<difficult>0</difficult>
		<bndbox>
			<xmin>176</xmin>
			<ymin>1547</ymin>
			<xmax>253</xmax>
			<ymax>1585</ymax>
		</bndbox>
	</object>
	<object>
		<name/>
		<pose>Unspecified</pose>
		<truncated>0</truncated>
		<difficult>0</difficult>
		<bndbox>
			<xmin>476</xmin>
			<ymin>1448</ymin>
			<xmax>551</xmax>
			<ymax>1483</ymax>
		</bndbox>
	</object>
	<object>
		<name/>
		<pose>Unspecified</pose>
		<truncated>0</truncated>
		<difficult>0</difficult>
		<bndbox>
			<xmin>564</xmin>
			<ymin>1448</ymin>
			<xmax>625</xmax>
			<ymax>1486</ymax>
		</bndbox>
	</object>
	<object>
		<name/>
		<pose>Unspecified</pose>
		<truncated>0</truncated>
		<difficult>0</difficult>
		<bndbox>
			<xmin>319</xmin>
			<ymin>1449</ymin>
			<xmax>408</xmax>
			<ymax>1490</ymax>
		</bndbox>
	</object>
	<object>
		<name/>
		<pose>Unspecified</pose>
		<truncated>0</truncated>
		<difficult>0</difficult>
		<bndbox>
			<xmin>425</xmin>
			<ymin>1449</ymin>
			<xmax>464</xmax>
			<ymax>1485</ymax>
		</bndbox>
	</object>
	<object>
		<name/>
		<pose>Unspecified</pose>
		<truncated>0</truncated>
		<difficult>0</difficult>
		<bndbox>
			<xmin>633</xmin>
			<ymin>1449</ymin>
			<xmax>695</xmax>
			<ymax>1486</ymax>
		</bndbox>
	</object>
	<object>
		<name/>
		<pose>Unspecified</pose>
		<truncated>0</truncated>
		<difficult>0</difficult>
		<bndbox>
			<xmin>230</xmin>
			<ymin>1445</ymin>
			<xmax>305</xmax>
			<ymax>1484</ymax>
		</bndbox>
	</object>
	<object>
		<name/>
		<pose>Unspecified</pose>
		<truncated>0</truncated>
		<difficult>0</difficult>
		<bndbox>
			<xmin>174</xmin>
			<ymin>1445</ymin>
			<xmax>225</xmax>
			<ymax>1483</ymax>
		</bndbox>
	</object>
	<object>
		<name/>
		<pose>Unspecified</pose>
		<truncated>0</truncated>
		<difficult>0</difficult>
		<bndbox>
			<xmin>510</xmin>
			<ymin>1396</ymin>
			<xmax>589</xmax>
			<ymax>1433</ymax>
		</bndbox>
	</object>
	<object>
		<name/>
		<pose>Unspecified</pose>
		<truncated>0</truncated>
		<difficult>0</difficult>
		<bndbox>
			<xmin>422</xmin>
			<ymin>1397</ymin>
			<xmax>501</xmax>
			<ymax>1434</ymax>
		</bndbox>
	</object>
	<object>
		<name/>
		<pose>Unspecified</pose>
		<truncated>0</truncated>
		<difficult>0</difficult>
		<bndbox>
			<xmin>300</xmin>
			<ymin>1396</ymin>
			<xmax>407</xmax>
			<ymax>1435</ymax>
		</bndbox>
	</object>
	<object>
		<name/>
		<pose>Unspecified</pose>
		<truncated>0</truncated>
		<difficult>0</difficult>
		<bndbox>
			<xmin>693</xmin>
			<ymin>1298</ymin>
			<xmax>800</xmax>
			<ymax>1342</ymax>
		</bndbox>
	</object>
	<object>
		<name/>
		<pose>Unspecified</pose>
		<truncated>0</truncated>
		<difficult>0</difficult>
		<bndbox>
			<xmin>194</xmin>
			<ymin>1294</ymin>
			<xmax>271</xmax>
			<ymax>1333</ymax>
		</bndbox>
	</object>
	<object>
		<name/>
		<pose>Unspecified</pose>
		<truncated>0</truncated>
		<difficult>0</difficult>
		<bndbox>
			<xmin>692</xmin>
			<ymin>1014</ymin>
			<xmax>801</xmax>
			<ymax>1055</ymax>
		</bndbox>
	</object>
	<object>
		<name/>
		<pose>Unspecified</pose>
		<truncated>0</truncated>
		<difficult>0</difficult>
		<bndbox>
			<xmin>192</xmin>
			<ymin>1007</ymin>
			<xmax>354</xmax>
			<ymax>1047</ymax>
		</bndbox>
	</object>
	<object>
		<name/>
		<pose>Unspecified</pose>
		<truncated>0</truncated>
		<difficult>0</difficult>
		<bndbox>
			<xmin>688</xmin>
			<ymin>915</ymin>
			<xmax>801</xmax>
			<ymax>959</ymax>
		</bndbox>
	</object>
	<object>
		<name/>
		<pose>Unspecified</pose>
		<truncated>0</truncated>
		<difficult>0</difficult>
		<bndbox>
			<xmin>156</xmin>
			<ymin>907</ymin>
			<xmax>253</xmax>
			<ymax>945</ymax>
		</bndbox>
	</object>
	<object>
		<name/>
		<pose>Unspecified</pose>
		<truncated>0</truncated>
		<difficult>0</difficult>
		<bndbox>
			<xmin>336</xmin>
			<ymin>911</ymin>
			<xmax>362</xmax>
			<ymax>948</ymax>
		</bndbox>
	</object>
	<object>
		<name/>
		<pose>Unspecified</pose>
		<truncated>0</truncated>
		<difficult>0</difficult>
		<bndbox>
			<xmin>266</xmin>
			<ymin>909</ymin>
			<xmax>322</xmax>
			<ymax>950</ymax>
		</bndbox>
	</object>
	<object>
		<name/>
		<pose>Unspecified</pose>
		<truncated>0</truncated>
		<difficult>0</difficult>
		<bndbox>
			<xmin>600</xmin>
			<ymin>914</ymin>
			<xmax>622</xmax>
			<ymax>952</ymax>
		</bndbox>
	</object>
	<object>
		<name/>
		<pose>Unspecified</pose>
		<truncated>0</truncated>
		<difficult>0</difficult>
		<bndbox>
			<xmin>705</xmin>
			<ymin>817</ymin>
			<xmax>781</xmax>
			<ymax>855</ymax>
		</bndbox>
	</object>
	<object>
		<name/>
		<pose>Unspecified</pose>
		<truncated>0</truncated>
		<difficult>0</difficult>
		<bndbox>
			<xmin>635</xmin>
			<ymin>818</ymin>
			<xmax>697</xmax>
			<ymax>852</ymax>
		</bndbox>
	</object>
	<object>
		<name/>
		<pose>Unspecified</pose>
		<truncated>0</truncated>
		<difficult>0</difficult>
		<bndbox>
			<xmin>653</xmin>
			<ymin>765</ymin>
			<xmax>799</xmax>
			<ymax>806</ymax>
		</bndbox>
	</object>
	<object>
		<name/>
		<pose>Unspecified</pose>
		<truncated>0</truncated>
		<difficult>0</difficult>
		<bndbox>
			<xmin>458</xmin>
			<ymin>763</ymin>
			<xmax>638</xmax>
			<ymax>804</ymax>
		</bndbox>
	</object>
	<object>
		<name/>
		<pose>Unspecified</pose>
		<truncated>0</truncated>
		<difficult>0</difficult>
		<bndbox>
			<xmin>86</xmin>
			<ymin>757</ymin>
			<xmax>268</xmax>
			<ymax>804</ymax>
		</bndbox>
	</object>
	<object>
		<name/>
		<pose>Unspecified</pose>
		<truncated>0</truncated>
		<difficult>0</difficult>
		<bndbox>
			<xmin>455</xmin>
			<ymin>476</ymin>
			<xmax>547</xmax>
			<ymax>528</ymax>
		</bndbox>
	</object>
	<object>
		<name/>
		<pose>Unspecified</pose>
		<truncated>0</truncated>
		<difficult>0</difficult>
		<bndbox>
			<xmin>243</xmin>
			<ymin>476</ymin>
			<xmax>335</xmax>
			<ymax>526</ymax>
		</bndbox>
	</object>
	<object>
		<name/>
		<pose>Unspecified</pose>
		<truncated>0</truncated>
		<difficult>0</difficult>
		<bndbox>
			<xmin>682</xmin>
			<ymin>474</ymin>
			<xmax>748</xmax>
			<ymax>525</ymax>
		</bndbox>
	</object>
	<object>
		<name/>
		<pose>Unspecified</pose>
		<truncated>0</truncated>
		<difficult>0</difficult>
		<bndbox>
			<xmin>628</xmin>
			<ymin>476</ymin>
			<xmax>675</xmax>
			<ymax>521</ymax>
		</bndbox>
	</object>
	<object>
		<name/>
		<pose>Unspecified</pose>
		<truncated>0</truncated>
		<difficult>0</difficult>
		<bndbox>
			<xmin>560</xmin>
			<ymin>475</ymin>
			<xmax>617</xmax>
			<ymax>520</ymax>
		</bndbox>
	</object>
	<object>
		<name/>
		<pose>Unspecified</pose>
		<truncated>0</truncated>
		<difficult>0</difficult>
		<bndbox>
			<xmin>398</xmin>
			<ymin>476</ymin>
			<xmax>445</xmax>
			<ymax>520</ymax>
		</bndbox>
	</object>
	<object>
		<name/>
		<pose>Unspecified</pose>
		<truncated>0</truncated>
		<difficult>0</difficult>
		<bndbox>
			<xmin>344</xmin>
			<ymin>475</ymin>
			<xmax>390</xmax>
			<ymax>520</ymax>
		</bndbox>
	</object>
	<object>
		<name/>
		<pose>Unspecified</pose>
		<truncated>0</truncated>
		<difficult>0</difficult>
		<bndbox>
			<xmin>169</xmin>
			<ymin>472</ymin>
			<xmax>233</xmax>
			<ymax>518</ymax>
		</bndbox>
	</object>
	<object>
		<name/>
		<pose>Unspecified</pose>
		<truncated>0</truncated>
		<difficult>0</difficult>
		<bndbox>
			<xmin>101</xmin>
			<ymin>470</ymin>
			<xmax>164</xmax>
			<ymax>518</ymax>
		</bndbox>
	</object>
	<object>
		<name/>
		<pose>Unspecified</pose>
		<truncated>0</truncated>
		<difficult>0</difficult>
		<bndbox>
			<xmin>454</xmin>
			<ymin>378</ymin>
			<xmax>569</xmax>
			<ymax>423</ymax>
		</bndbox>
	</object>
	<object>
		<name/>
		<pose>Unspecified</pose>
		<truncated>0</truncated>
		<difficult>0</difficult>
		<bndbox>
			<xmin>272</xmin>
			<ymin>380</ymin>
			<xmax>447</xmax>
			<ymax>420</ymax>
		</bndbox>
	</object>
	<object>
		<name>1</name>
		<pose>Unspecified</pose>
		<truncated>0</truncated>
		<difficult>0</difficult>
		<bndbox>
			<xmin>85</xmin>
			<ymin>194</ymin>
			<xmax>155</xmax>
			<ymax>256</ymax>
		</bndbox>
	</object>
	<object>
		<name>1</name>
		<pose>Unspecified</pose>
		<truncated>0</truncated>
		<difficult>0</difficult>
		<bndbox>
			<xmin>300</xmin>
			<ymin>530</ymin>
			<xmax>368</xmax>
			<ymax>565</ymax>
		</bndbox>
	</object>
	<object>
		<name>1</name>
		<pose>Unspecified</pose>
		<truncated>0</truncated>
		<difficult>0</difficult>
		<bndbox>
			<xmin>391</xmin>
			<ymin>530</ymin>
			<xmax>509</xmax>
			<ymax>566</ymax>
		</bndbox>
	</object>
	<object>
		<name>1</name>
		<pose>Unspecified</pose>
		<truncated>0</truncated>
		<difficult>0</difficult>
		<bndbox>
			<xmin>527</xmin>
			<ymin>531</ymin>
			<xmax>673</xmax>
			<ymax>568</ymax>
		</bndbox>
	</object>
	<object>
		<name>1</name>
		<pose>Unspecified</pose>
		<truncated>0</truncated>
		<difficult>0</difficult>
		<bndbox>
			<xmin>318</xmin>
			<ymin>627</ymin>
			<xmax>564</xmax>
			<ymax>711</ymax>
		</bndbox>
	</object>
	<object>
		<name>1</name>
		<pose>Unspecified</pose>
		<truncated>0</truncated>
		<difficult>0</difficult>
		<bndbox>
			<xmin>86</xmin>
			<ymin>812</ymin>
			<xmax>177</xmax>
			<ymax>847</ymax>
		</bndbox>
	</object>
	<object>
		<name>1</name>
		<pose>Unspecified</pose>
		<truncated>0</truncated>
		<difficult>0</difficult>
		<bndbox>
			<xmin>195</xmin>
			<ymin>812</ymin>
			<xmax>232</xmax>
			<ymax>848</ymax>
		</bndbox>
	</object>
	<object>
		<name>1</name>
		<pose>Unspecified</pose>
		<truncated>0</truncated>
		<difficult>0</difficult>
		<bndbox>
			<xmin>299</xmin>
			<ymin>817</ymin>
			<xmax>322</xmax>
			<ymax>848</ymax>
		</bndbox>
	</object>
	<object>
		<name>1</name>
		<pose>Unspecified</pose>
		<truncated>0</truncated>
		<difficult>0</difficult>
		<bndbox>
			<xmin>337</xmin>
			<ymin>813</ymin>
			<xmax>476</xmax>
			<ymax>848</ymax>
		</bndbox>
	</object>
	<object>
		<name>1</name>
		<pose>Unspecified</pose>
		<truncated>0</truncated>
		<difficult>0</difficult>
		<bndbox>
			<xmin>495</xmin>
			<ymin>815</ymin>
			<xmax>618</xmax>
			<ymax>851</ymax>
		</bndbox>
	</object>
	<object>
		<name>1</name>
		<pose>Unspecified</pose>
		<truncated>0</truncated>
		<difficult>0</difficult>
		<bndbox>
			<xmin>88</xmin>
			<ymin>911</ymin>
			<xmax>144</xmax>
			<ymax>945</ymax>
		</bndbox>
	</object>
	<object>
		<name>1</name>
		<pose>Unspecified</pose>
		<truncated>0</truncated>
		<difficult>0</difficult>
		<bndbox>
			<xmin>193</xmin>
			<ymin>1109</ymin>
			<xmax>367</xmax>
			<ymax>1174</ymax>
		</bndbox>
	</object>
	<object>
		<name>1</name>
		<pose>Unspecified</pose>
		<truncated>0</truncated>
		<difficult>0</difficult>
		<bndbox>
			<xmin>586</xmin>
			<ymin>1113</ymin>
			<xmax>799</xmax>
			<ymax>1198</ymax>
		</bndbox>
	</object>
	<object>
		<name>1</name>
		<pose>Unspecified</pose>
		<truncated>0</truncated>
		<difficult>0</difficult>
		<bndbox>
			<xmin>177</xmin>
			<ymin>1693</ymin>
			<xmax>250</xmax>
			<ymax>1735</ymax>
		</bndbox>
	</object>
</annotation>
