<annotation>
	<folder>vireceipt_xml</folder>
	<filename>no_0013.jpg</filename>
	<path>/data20.04/data/1.SDV_Medical_Doc/5.Evaluation/vireceipt_xml/no_0013.jpg</path>
	<source>
		<database>Unknown</database>
	</source>
	<size>
		<width>1822</width>
		<height>3027</height>
		<depth>3</depth>
	</size>
	<segmented>0</segmented>
	<object>
		<name/>
		<pose>Unspecified</pose>
		<truncated>0</truncated>
		<difficult>0</difficult>
		<bndbox>
			<xmin>1387</xmin>
			<ymin>2925</ymin>
			<xmax>1758</xmax>
			<ymax>2993</ymax>
		</bndbox>
	</object>
	<object>
		<name/>
		<pose>Unspecified</pose>
		<truncated>0</truncated>
		<difficult>0</difficult>
		<bndbox>
			<xmin>318</xmin>
			<ymin>2814</ymin>
			<xmax>444</xmax>
			<ymax>2879</ymax>
		</bndbox>
	</object>
	<object>
		<name/>
		<pose>Unspecified</pose>
		<truncated>0</truncated>
		<difficult>0</difficult>
		<bndbox>
			<xmin>459</xmin>
			<ymin>2810</ymin>
			<xmax>631</xmax>
			<ymax>2893</ymax>
		</bndbox>
	</object>
	<object>
		<name/>
		<pose>Unspecified</pose>
		<truncated>0</truncated>
		<difficult>0</difficult>
		<bndbox>
			<xmin>198</xmin>
			<ymin>2813</ymin>
			<xmax>310</xmax>
			<ymax>2898</ymax>
		</bndbox>
	</object>
	<object>
		<name/>
		<pose>Unspecified</pose>
		<truncated>0</truncated>
		<difficult>0</difficult>
		<bndbox>
			<xmin>1566</xmin>
			<ymin>2800</ymin>
			<xmax>1756</xmax>
			<ymax>2869</ymax>
		</bndbox>
	</object>
	<object>
		<name/>
		<pose>Unspecified</pose>
		<truncated>0</truncated>
		<difficult>0</difficult>
		<bndbox>
			<xmin>1348</xmin>
			<ymin>2802</ymin>
			<xmax>1439</xmax>
			<ymax>2858</ymax>
		</bndbox>
	</object>
	<object>
		<name/>
		<pose>Unspecified</pose>
		<truncated>0</truncated>
		<difficult>0</difficult>
		<bndbox>
			<xmin>1440</xmin>
			<ymin>2801</ymin>
			<xmax>1559</xmax>
			<ymax>2853</ymax>
		</bndbox>
	</object>
	<object>
		<name/>
		<pose>Unspecified</pose>
		<truncated>0</truncated>
		<difficult>0</difficult>
		<bndbox>
			<xmin>1038</xmin>
			<ymin>2670</ymin>
			<xmax>1166</xmax>
			<ymax>2730</ymax>
		</bndbox>
	</object>
	<object>
		<name/>
		<pose>Unspecified</pose>
		<truncated>0</truncated>
		<difficult>0</difficult>
		<bndbox>
			<xmin>724</xmin>
			<ymin>2669</ymin>
			<xmax>853</xmax>
			<ymax>2734</ymax>
		</bndbox>
	</object>
	<object>
		<name/>
		<pose>Unspecified</pose>
		<truncated>0</truncated>
		<difficult>0</difficult>
		<bndbox>
			<xmin>928</xmin>
			<ymin>2666</ymin>
			<xmax>1036</xmax>
			<ymax>2720</ymax>
		</bndbox>
	</object>
	<object>
		<name/>
		<pose>Unspecified</pose>
		<truncated>0</truncated>
		<difficult>0</difficult>
		<bndbox>
			<xmin>535</xmin>
			<ymin>2657</ymin>
			<xmax>722</xmax>
			<ymax>2724</ymax>
		</bndbox>
	</object>
	<object>
		<name/>
		<pose>Unspecified</pose>
		<truncated>0</truncated>
		<difficult>0</difficult>
		<bndbox>
			<xmin>1167</xmin>
			<ymin>2652</ymin>
			<xmax>1375</xmax>
			<ymax>2729</ymax>
		</bndbox>
	</object>
	<object>
		<name/>
		<pose>Unspecified</pose>
		<truncated>0</truncated>
		<difficult>0</difficult>
		<bndbox>
			<xmin>855</xmin>
			<ymin>2649</ymin>
			<xmax>928</xmax>
			<ymax>2729</ymax>
		</bndbox>
	</object>
	<object>
		<name/>
		<pose>Unspecified</pose>
		<truncated>0</truncated>
		<difficult>0</difficult>
		<bndbox>
			<xmin>339</xmin>
			<ymin>2475</ymin>
			<xmax>438</xmax>
			<ymax>2552</ymax>
		</bndbox>
	</object>
	<object>
		<name/>
		<pose>Unspecified</pose>
		<truncated>0</truncated>
		<difficult>0</difficult>
		<bndbox>
			<xmin>235</xmin>
			<ymin>2474</ymin>
			<xmax>337</xmax>
			<ymax>2541</ymax>
		</bndbox>
	</object>
	<object>
		<name/>
		<pose>Unspecified</pose>
		<truncated>0</truncated>
		<difficult>0</difficult>
		<bndbox>
			<xmin>90</xmin>
			<ymin>2464</ymin>
			<xmax>231</xmax>
			<ymax>2541</ymax>
		</bndbox>
	</object>
	<object>
		<name/>
		<pose>Unspecified</pose>
		<truncated>0</truncated>
		<difficult>0</difficult>
		<bndbox>
			<xmin>1700</xmin>
			<ymin>2463</ymin>
			<xmax>1748</xmax>
			<ymax>2522</ymax>
		</bndbox>
	</object>
	<object>
		<name/>
		<pose>Unspecified</pose>
		<truncated>0</truncated>
		<difficult>0</difficult>
		<bndbox>
			<xmin>427</xmin>
			<ymin>2385</ymin>
			<xmax>558</xmax>
			<ymax>2436</ymax>
		</bndbox>
	</object>
	<object>
		<name/>
		<pose>Unspecified</pose>
		<truncated>0</truncated>
		<difficult>0</difficult>
		<bndbox>
			<xmin>236</xmin>
			<ymin>2385</ymin>
			<xmax>413</xmax>
			<ymax>2436</ymax>
		</bndbox>
	</object>
	<object>
		<name/>
		<pose>Unspecified</pose>
		<truncated>0</truncated>
		<difficult>0</difficult>
		<bndbox>
			<xmin>93</xmin>
			<ymin>2370</ymin>
			<xmax>231</xmax>
			<ymax>2442</ymax>
		</bndbox>
	</object>
	<object>
		<name/>
		<pose>Unspecified</pose>
		<truncated>0</truncated>
		<difficult>0</difficult>
		<bndbox>
			<xmin>1637</xmin>
			<ymin>2370</ymin>
			<xmax>1743</xmax>
			<ymax>2422</ymax>
		</bndbox>
	</object>
	<object>
		<name/>
		<pose>Unspecified</pose>
		<truncated>0</truncated>
		<difficult>0</difficult>
		<bndbox>
			<xmin>1526</xmin>
			<ymin>2369</ymin>
			<xmax>1631</xmax>
			<ymax>2422</ymax>
		</bndbox>
	</object>
	<object>
		<name/>
		<pose>Unspecified</pose>
		<truncated>0</truncated>
		<difficult>0</difficult>
		<bndbox>
			<xmin>723</xmin>
			<ymin>2179</ymin>
			<xmax>754</xmax>
			<ymax>2236</ymax>
		</bndbox>
	</object>
	<object>
		<name/>
		<pose>Unspecified</pose>
		<truncated>0</truncated>
		<difficult>0</difficult>
		<bndbox>
			<xmin>274</xmin>
			<ymin>2166</ymin>
			<xmax>505</xmax>
			<ymax>2234</ymax>
		</bndbox>
	</object>
	<object>
		<name/>
		<pose>Unspecified</pose>
		<truncated>0</truncated>
		<difficult>0</difficult>
		<bndbox>
			<xmin>527</xmin>
			<ymin>2161</ymin>
			<xmax>710</xmax>
			<ymax>2237</ymax>
		</bndbox>
	</object>
	<object>
		<name/>
		<pose>Unspecified</pose>
		<truncated>0</truncated>
		<difficult>0</difficult>
		<bndbox>
			<xmin>1474</xmin>
			<ymin>2155</ymin>
			<xmax>1604</xmax>
			<ymax>2221</ymax>
		</bndbox>
	</object>
	<object>
		<name/>
		<pose>Unspecified</pose>
		<truncated>0</truncated>
		<difficult>0</difficult>
		<bndbox>
			<xmin>1616</xmin>
			<ymin>2151</ymin>
			<xmax>1747</xmax>
			<ymax>2224</ymax>
		</bndbox>
	</object>
	<object>
		<name/>
		<pose>Unspecified</pose>
		<truncated>0</truncated>
		<difficult>0</difficult>
		<bndbox>
			<xmin>95</xmin>
			<ymin>2161</ymin>
			<xmax>259</xmax>
			<ymax>2245</ymax>
		</bndbox>
	</object>
	<object>
		<name/>
		<pose>Unspecified</pose>
		<truncated>0</truncated>
		<difficult>0</difficult>
		<bndbox>
			<xmin>98</xmin>
			<ymin>2016</ymin>
			<xmax>288</xmax>
			<ymax>2071</ymax>
		</bndbox>
	</object>
	<object>
		<name/>
		<pose>Unspecified</pose>
		<truncated>0</truncated>
		<difficult>0</difficult>
		<bndbox>
			<xmin>574</xmin>
			<ymin>2016</ymin>
			<xmax>599</xmax>
			<ymax>2064</ymax>
		</bndbox>
	</object>
	<object>
		<name/>
		<pose>Unspecified</pose>
		<truncated>0</truncated>
		<difficult>0</difficult>
		<bndbox>
			<xmin>424</xmin>
			<ymin>2007</ymin>
			<xmax>568</xmax>
			<ymax>2065</ymax>
		</bndbox>
	</object>
	<object>
		<name/>
		<pose>Unspecified</pose>
		<truncated>0</truncated>
		<difficult>0</difficult>
		<bndbox>
			<xmin>1525</xmin>
			<ymin>2005</ymin>
			<xmax>1637</xmax>
			<ymax>2057</ymax>
		</bndbox>
	</object>
	<object>
		<name/>
		<pose>Unspecified</pose>
		<truncated>0</truncated>
		<difficult>0</difficult>
		<bndbox>
			<xmin>1637</xmin>
			<ymin>2000</ymin>
			<xmax>1748</xmax>
			<ymax>2064</ymax>
		</bndbox>
	</object>
	<object>
		<name/>
		<pose>Unspecified</pose>
		<truncated>0</truncated>
		<difficult>0</difficult>
		<bndbox>
			<xmin>295</xmin>
			<ymin>2002</ymin>
			<xmax>415</xmax>
			<ymax>2078</ymax>
		</bndbox>
	</object>
	<object>
		<name/>
		<pose>Unspecified</pose>
		<truncated>0</truncated>
		<difficult>0</difficult>
		<bndbox>
			<xmin>365</xmin>
			<ymin>1925</ymin>
			<xmax>548</xmax>
			<ymax>1996</ymax>
		</bndbox>
	</object>
	<object>
		<name/>
		<pose>Unspecified</pose>
		<truncated>0</truncated>
		<difficult>0</difficult>
		<bndbox>
			<xmin>229</xmin>
			<ymin>1921</ymin>
			<xmax>353</xmax>
			<ymax>1988</ymax>
		</bndbox>
	</object>
	<object>
		<name/>
		<pose>Unspecified</pose>
		<truncated>0</truncated>
		<difficult>0</difficult>
		<bndbox>
			<xmin>91</xmin>
			<ymin>1923</ymin>
			<xmax>221</xmax>
			<ymax>1991</ymax>
		</bndbox>
	</object>
	<object>
		<name/>
		<pose>Unspecified</pose>
		<truncated>0</truncated>
		<difficult>0</difficult>
		<bndbox>
			<xmin>1020</xmin>
			<ymin>1916</ymin>
			<xmax>1145</xmax>
			<ymax>1968</ymax>
		</bndbox>
	</object>
	<object>
		<name/>
		<pose>Unspecified</pose>
		<truncated>0</truncated>
		<difficult>0</difficult>
		<bndbox>
			<xmin>1556</xmin>
			<ymin>1909</ymin>
			<xmax>1749</xmax>
			<ymax>1977</ymax>
		</bndbox>
	</object>
	<object>
		<name/>
		<pose>Unspecified</pose>
		<truncated>0</truncated>
		<difficult>0</difficult>
		<bndbox>
			<xmin>190</xmin>
			<ymin>1783</ymin>
			<xmax>516</xmax>
			<ymax>1839</ymax>
		</bndbox>
	</object>
	<object>
		<name/>
		<pose>Unspecified</pose>
		<truncated>0</truncated>
		<difficult>0</difficult>
		<bndbox>
			<xmin>529</xmin>
			<ymin>1783</ymin>
			<xmax>647</xmax>
			<ymax>1835</ymax>
		</bndbox>
	</object>
	<object>
		<name/>
		<pose>Unspecified</pose>
		<truncated>0</truncated>
		<difficult>0</difficult>
		<bndbox>
			<xmin>111</xmin>
			<ymin>1783</ymin>
			<xmax>155</xmax>
			<ymax>1843</ymax>
		</bndbox>
	</object>
	<object>
		<name/>
		<pose>Unspecified</pose>
		<truncated>0</truncated>
		<difficult>0</difficult>
		<bndbox>
			<xmin>1042</xmin>
			<ymin>1774</ymin>
			<xmax>1087</xmax>
			<ymax>1834</ymax>
		</bndbox>
	</object>
	<object>
		<name/>
		<pose>Unspecified</pose>
		<truncated>0</truncated>
		<difficult>0</difficult>
		<bndbox>
			<xmin>1360</xmin>
			<ymin>1772</ymin>
			<xmax>1406</xmax>
			<ymax>1830</ymax>
		</bndbox>
	</object>
	<object>
		<name/>
		<pose>Unspecified</pose>
		<truncated>0</truncated>
		<difficult>0</difficult>
		<bndbox>
			<xmin>198</xmin>
			<ymin>1676</ymin>
			<xmax>517</xmax>
			<ymax>1737</ymax>
		</bndbox>
	</object>
	<object>
		<name/>
		<pose>Unspecified</pose>
		<truncated>0</truncated>
		<difficult>0</difficult>
		<bndbox>
			<xmin>528</xmin>
			<ymin>1675</ymin>
			<xmax>611</xmax>
			<ymax>1737</ymax>
		</bndbox>
	</object>
	<object>
		<name/>
		<pose>Unspecified</pose>
		<truncated>0</truncated>
		<difficult>0</difficult>
		<bndbox>
			<xmin>111</xmin>
			<ymin>1674</ymin>
			<xmax>155</xmax>
			<ymax>1737</ymax>
		</bndbox>
	</object>
	<object>
		<name/>
		<pose>Unspecified</pose>
		<truncated>0</truncated>
		<difficult>0</difficult>
		<bndbox>
			<xmin>1221</xmin>
			<ymin>1666</ymin>
			<xmax>1408</xmax>
			<ymax>1723</ymax>
		</bndbox>
	</object>
	<object>
		<name/>
		<pose>Unspecified</pose>
		<truncated>0</truncated>
		<difficult>0</difficult>
		<bndbox>
			<xmin>1656</xmin>
			<ymin>1662</ymin>
			<xmax>1757</xmax>
			<ymax>1715</ymax>
		</bndbox>
	</object>
	<object>
		<name/>
		<pose>Unspecified</pose>
		<truncated>0</truncated>
		<difficult>0</difficult>
		<bndbox>
			<xmin>1575</xmin>
			<ymin>1662</ymin>
			<xmax>1655</xmax>
			<ymax>1722</ymax>
		</bndbox>
	</object>
	<object>
		<name/>
		<pose>Unspecified</pose>
		<truncated>0</truncated>
		<difficult>0</difficult>
		<bndbox>
			<xmin>193</xmin>
			<ymin>1572</ymin>
			<xmax>485</xmax>
			<ymax>1632</ymax>
		</bndbox>
	</object>
	<object>
		<name/>
		<pose>Unspecified</pose>
		<truncated>0</truncated>
		<difficult>0</difficult>
		<bndbox>
			<xmin>501</xmin>
			<ymin>1572</ymin>
			<xmax>705</xmax>
			<ymax>1628</ymax>
		</bndbox>
	</object>
	<object>
		<name/>
		<pose>Unspecified</pose>
		<truncated>0</truncated>
		<difficult>0</difficult>
		<bndbox>
			<xmin>111</xmin>
			<ymin>1575</ymin>
			<xmax>150</xmax>
			<ymax>1632</ymax>
		</bndbox>
	</object>
	<object>
		<name/>
		<pose>Unspecified</pose>
		<truncated>0</truncated>
		<difficult>0</difficult>
		<bndbox>
			<xmin>723</xmin>
			<ymin>1569</ymin>
			<xmax>871</xmax>
			<ymax>1627</ymax>
		</bndbox>
	</object>
	<object>
		<name/>
		<pose>Unspecified</pose>
		<truncated>0</truncated>
		<difficult>0</difficult>
		<bndbox>
			<xmin>1299</xmin>
			<ymin>1566</ymin>
			<xmax>1404</xmax>
			<ymax>1618</ymax>
		</bndbox>
	</object>
	<object>
		<name/>
		<pose>Unspecified</pose>
		<truncated>0</truncated>
		<difficult>0</difficult>
		<bndbox>
			<xmin>1195</xmin>
			<ymin>1567</ymin>
			<xmax>1295</xmax>
			<ymax>1622</ymax>
		</bndbox>
	</object>
	<object>
		<name/>
		<pose>Unspecified</pose>
		<truncated>0</truncated>
		<difficult>0</difficult>
		<bndbox>
			<xmin>1651</xmin>
			<ymin>1558</ymin>
			<xmax>1760</xmax>
			<ymax>1618</ymax>
		</bndbox>
	</object>
	<object>
		<name/>
		<pose>Unspecified</pose>
		<truncated>0</truncated>
		<difficult>0</difficult>
		<bndbox>
			<xmin>1544</xmin>
			<ymin>1558</ymin>
			<xmax>1650</xmax>
			<ymax>1619</ymax>
		</bndbox>
	</object>
	<object>
		<name/>
		<pose>Unspecified</pose>
		<truncated>0</truncated>
		<difficult>0</difficult>
		<bndbox>
			<xmin>408</xmin>
			<ymin>1463</ymin>
			<xmax>561</xmax>
			<ymax>1521</ymax>
		</bndbox>
	</object>
	<object>
		<name/>
		<pose>Unspecified</pose>
		<truncated>0</truncated>
		<difficult>0</difficult>
		<bndbox>
			<xmin>198</xmin>
			<ymin>1463</ymin>
			<xmax>405</xmax>
			<ymax>1522</ymax>
		</bndbox>
	</object>
	<object>
		<name/>
		<pose>Unspecified</pose>
		<truncated>0</truncated>
		<difficult>0</difficult>
		<bndbox>
			<xmin>109</xmin>
			<ymin>1463</ymin>
			<xmax>153</xmax>
			<ymax>1525</ymax>
		</bndbox>
	</object>
	<object>
		<name/>
		<pose>Unspecified</pose>
		<truncated>0</truncated>
		<difficult>0</difficult>
		<bndbox>
			<xmin>577</xmin>
			<ymin>1462</ymin>
			<xmax>826</xmax>
			<ymax>1529</ymax>
		</bndbox>
	</object>
	<object>
		<name/>
		<pose>Unspecified</pose>
		<truncated>0</truncated>
		<difficult>0</difficult>
		<bndbox>
			<xmin>1302</xmin>
			<ymin>1457</ymin>
			<xmax>1408</xmax>
			<ymax>1510</ymax>
		</bndbox>
	</object>
	<object>
		<name/>
		<pose>Unspecified</pose>
		<truncated>0</truncated>
		<difficult>0</difficult>
		<bndbox>
			<xmin>1218</xmin>
			<ymin>1455</ymin>
			<xmax>1298</xmax>
			<ymax>1514</ymax>
		</bndbox>
	</object>
	<object>
		<name/>
		<pose>Unspecified</pose>
		<truncated>0</truncated>
		<difficult>0</difficult>
		<bndbox>
			<xmin>836</xmin>
			<ymin>1461</ymin>
			<xmax>935</xmax>
			<ymax>1518</ymax>
		</bndbox>
	</object>
	<object>
		<name/>
		<pose>Unspecified</pose>
		<truncated>0</truncated>
		<difficult>0</difficult>
		<bndbox>
			<xmin>1653</xmin>
			<ymin>1449</ymin>
			<xmax>1762</xmax>
			<ymax>1509</ymax>
		</bndbox>
	</object>
	<object>
		<name/>
		<pose>Unspecified</pose>
		<truncated>0</truncated>
		<difficult>0</difficult>
		<bndbox>
			<xmin>1569</xmin>
			<ymin>1450</ymin>
			<xmax>1650</xmax>
			<ymax>1510</ymax>
		</bndbox>
	</object>
	<object>
		<name/>
		<pose>Unspecified</pose>
		<truncated>0</truncated>
		<difficult>0</difficult>
		<bndbox>
			<xmin>194</xmin>
			<ymin>1362</ymin>
			<xmax>447</xmax>
			<ymax>1423</ymax>
		</bndbox>
	</object>
	<object>
		<name/>
		<pose>Unspecified</pose>
		<truncated>0</truncated>
		<difficult>0</difficult>
		<bndbox>
			<xmin>459</xmin>
			<ymin>1363</ymin>
			<xmax>575</xmax>
			<ymax>1417</ymax>
		</bndbox>
	</object>
	<object>
		<name/>
		<pose>Unspecified</pose>
		<truncated>0</truncated>
		<difficult>0</difficult>
		<bndbox>
			<xmin>108</xmin>
			<ymin>1362</ymin>
			<xmax>153</xmax>
			<ymax>1422</ymax>
		</bndbox>
	</object>
	<object>
		<name/>
		<pose>Unspecified</pose>
		<truncated>0</truncated>
		<difficult>0</difficult>
		<bndbox>
			<xmin>1298</xmin>
			<ymin>1352</ymin>
			<xmax>1404</xmax>
			<ymax>1410</ymax>
		</bndbox>
	</object>
	<object>
		<name/>
		<pose>Unspecified</pose>
		<truncated>0</truncated>
		<difficult>0</difficult>
		<bndbox>
			<xmin>1191</xmin>
			<ymin>1351</ymin>
			<xmax>1298</xmax>
			<ymax>1411</ymax>
		</bndbox>
	</object>
	<object>
		<name/>
		<pose>Unspecified</pose>
		<truncated>0</truncated>
		<difficult>0</difficult>
		<bndbox>
			<xmin>1653</xmin>
			<ymin>1347</ymin>
			<xmax>1763</xmax>
			<ymax>1404</ymax>
		</bndbox>
	</object>
	<object>
		<name/>
		<pose>Unspecified</pose>
		<truncated>0</truncated>
		<difficult>0</difficult>
		<bndbox>
			<xmin>1544</xmin>
			<ymin>1346</ymin>
			<xmax>1651</xmax>
			<ymax>1408</ymax>
		</bndbox>
	</object>
	<object>
		<name/>
		<pose>Unspecified</pose>
		<truncated>0</truncated>
		<difficult>0</difficult>
		<bndbox>
			<xmin>190</xmin>
			<ymin>1258</ymin>
			<xmax>512</xmax>
			<ymax>1312</ymax>
		</bndbox>
	</object>
	<object>
		<name/>
		<pose>Unspecified</pose>
		<truncated>0</truncated>
		<difficult>0</difficult>
		<bndbox>
			<xmin>114</xmin>
			<ymin>1258</ymin>
			<xmax>150</xmax>
			<ymax>1315</ymax>
		</bndbox>
	</object>
	<object>
		<name/>
		<pose>Unspecified</pose>
		<truncated>0</truncated>
		<difficult>0</difficult>
		<bndbox>
			<xmin>517</xmin>
			<ymin>1252</ymin>
			<xmax>609</xmax>
			<ymax>1309</ymax>
		</bndbox>
	</object>
	<object>
		<name/>
		<pose>Unspecified</pose>
		<truncated>0</truncated>
		<difficult>0</difficult>
		<bndbox>
			<xmin>1300</xmin>
			<ymin>1250</ymin>
			<xmax>1403</xmax>
			<ymax>1300</ymax>
		</bndbox>
	</object>
	<object>
		<name/>
		<pose>Unspecified</pose>
		<truncated>0</truncated>
		<difficult>0</difficult>
		<bndbox>
			<xmin>1188</xmin>
			<ymin>1249</ymin>
			<xmax>1298</xmax>
			<ymax>1302</ymax>
		</bndbox>
	</object>
	<object>
		<name/>
		<pose>Unspecified</pose>
		<truncated>0</truncated>
		<difficult>0</difficult>
		<bndbox>
			<xmin>1544</xmin>
			<ymin>1247</ymin>
			<xmax>1648</xmax>
			<ymax>1299</ymax>
		</bndbox>
	</object>
	<object>
		<name/>
		<pose>Unspecified</pose>
		<truncated>0</truncated>
		<difficult>0</difficult>
		<bndbox>
			<xmin>1654</xmin>
			<ymin>1245</ymin>
			<xmax>1762</xmax>
			<ymax>1298</ymax>
		</bndbox>
	</object>
	<object>
		<name/>
		<pose>Unspecified</pose>
		<truncated>0</truncated>
		<difficult>0</difficult>
		<bndbox>
			<xmin>1041</xmin>
			<ymin>1249</ymin>
			<xmax>1090</xmax>
			<ymax>1306</ymax>
		</bndbox>
	</object>
	<object>
		<name/>
		<pose>Unspecified</pose>
		<truncated>0</truncated>
		<difficult>0</difficult>
		<bndbox>
			<xmin>85</xmin>
			<ymin>1140</ymin>
			<xmax>174</xmax>
			<ymax>1197</ymax>
		</bndbox>
	</object>
	<object>
		<name/>
		<pose>Unspecified</pose>
		<truncated>0</truncated>
		<difficult>0</difficult>
		<bndbox>
			<xmin>1020</xmin>
			<ymin>1129</ymin>
			<xmax>1110</xmax>
			<ymax>1193</ymax>
		</bndbox>
	</object>
	<object>
		<name/>
		<pose>Unspecified</pose>
		<truncated>0</truncated>
		<difficult>0</difficult>
		<bndbox>
			<xmin>1242</xmin>
			<ymin>1126</ymin>
			<xmax>1414</xmax>
			<ymax>1187</ymax>
		</bndbox>
	</object>
	<object>
		<name/>
		<pose>Unspecified</pose>
		<truncated>0</truncated>
		<difficult>0</difficult>
		<bndbox>
			<xmin>1586</xmin>
			<ymin>1124</ymin>
			<xmax>1776</xmax>
			<ymax>1183</ymax>
		</bndbox>
	</object>
	<object>
		<name/>
		<pose>Unspecified</pose>
		<truncated>0</truncated>
		<difficult>0</difficult>
		<bndbox>
			<xmin>82</xmin>
			<ymin>1037</ymin>
			<xmax>214</xmax>
			<ymax>1108</ymax>
		</bndbox>
	</object>
	<object>
		<name/>
		<pose>Unspecified</pose>
		<truncated>0</truncated>
		<difficult>0</difficult>
		<bndbox>
			<xmin>462</xmin>
			<ymin>1037</ymin>
			<xmax>834</xmax>
			<ymax>1114</ymax>
		</bndbox>
	</object>
	<object>
		<name/>
		<pose>Unspecified</pose>
		<truncated>0</truncated>
		<difficult>0</difficult>
		<bndbox>
			<xmin>227</xmin>
			<ymin>1040</ymin>
			<xmax>383</xmax>
			<ymax>1116</ymax>
		</bndbox>
	</object>
	<object>
		<name/>
		<pose>Unspecified</pose>
		<truncated>0</truncated>
		<difficult>0</difficult>
		<bndbox>
			<xmin>1052</xmin>
			<ymin>946</ymin>
			<xmax>1139</xmax>
			<ymax>1001</ymax>
		</bndbox>
	</object>
	<object>
		<name/>
		<pose>Unspecified</pose>
		<truncated>0</truncated>
		<difficult>0</difficult>
		<bndbox>
			<xmin>209</xmin>
			<ymin>938</ymin>
			<xmax>342</xmax>
			<ymax>1009</ymax>
		</bndbox>
	</object>
	<object>
		<name/>
		<pose>Unspecified</pose>
		<truncated>0</truncated>
		<difficult>0</difficult>
		<bndbox>
			<xmin>927</xmin>
			<ymin>932</ymin>
			<xmax>1050</xmax>
			<ymax>998</ymax>
		</bndbox>
	</object>
	<object>
		<name/>
		<pose>Unspecified</pose>
		<truncated>0</truncated>
		<difficult>0</difficult>
		<bndbox>
			<xmin>79</xmin>
			<ymin>929</ymin>
			<xmax>207</xmax>
			<ymax>1007</ymax>
		</bndbox>
	</object>
	<object>
		<name/>
		<pose>Unspecified</pose>
		<truncated>0</truncated>
		<difficult>0</difficult>
		<bndbox>
			<xmin>441</xmin>
			<ymin>939</ymin>
			<xmax>602</xmax>
			<ymax>1008</ymax>
		</bndbox>
	</object>
	<object>
		<name/>
		<pose>Unspecified</pose>
		<truncated>0</truncated>
		<difficult>0</difficult>
		<bndbox>
			<xmin>1565</xmin>
			<ymin>926</ymin>
			<xmax>1739</xmax>
			<ymax>997</ymax>
		</bndbox>
	</object>
	<object>
		<name/>
		<pose>Unspecified</pose>
		<truncated>0</truncated>
		<difficult>0</difficult>
		<bndbox>
			<xmin>181</xmin>
			<ymin>840</ymin>
			<xmax>312</xmax>
			<ymax>907</ymax>
		</bndbox>
	</object>
	<object>
		<name/>
		<pose>Unspecified</pose>
		<truncated>0</truncated>
		<difficult>0</difficult>
		<bndbox>
			<xmin>927</xmin>
			<ymin>821</ymin>
			<xmax>1112</xmax>
			<ymax>918</ymax>
		</bndbox>
	</object>
	<object>
		<name/>
		<pose>Unspecified</pose>
		<truncated>0</truncated>
		<difficult>0</difficult>
		<bndbox>
			<xmin>1419</xmin>
			<ymin>828</ymin>
			<xmax>1765</xmax>
			<ymax>901</ymax>
		</bndbox>
	</object>
	<object>
		<name/>
		<pose>Unspecified</pose>
		<truncated>0</truncated>
		<difficult>0</difficult>
		<bndbox>
			<xmin>72</xmin>
			<ymin>818</ymin>
			<xmax>179</xmax>
			<ymax>912</ymax>
		</bndbox>
	</object>
	<object>
		<name/>
		<pose>Unspecified</pose>
		<truncated>0</truncated>
		<difficult>0</difficult>
		<bndbox>
			<xmin>1219</xmin>
			<ymin>753</ymin>
			<xmax>1245</xmax>
			<ymax>803</ymax>
		</bndbox>
	</object>
	<object>
		<name/>
		<pose>Unspecified</pose>
		<truncated>0</truncated>
		<difficult>0</difficult>
		<bndbox>
			<xmin>82</xmin>
			<ymin>741</ymin>
			<xmax>223</xmax>
			<ymax>814</ymax>
		</bndbox>
	</object>
	<object>
		<name/>
		<pose>Unspecified</pose>
		<truncated>0</truncated>
		<difficult>0</difficult>
		<bndbox>
			<xmin>1030</xmin>
			<ymin>738</ymin>
			<xmax>1207</xmax>
			<ymax>801</ymax>
		</bndbox>
	</object>
	<object>
		<name/>
		<pose>Unspecified</pose>
		<truncated>0</truncated>
		<difficult>0</difficult>
		<bndbox>
			<xmin>671</xmin>
			<ymin>739</ymin>
			<xmax>800</xmax>
			<ymax>815</ymax>
		</bndbox>
	</object>
	<object>
		<name/>
		<pose>Unspecified</pose>
		<truncated>0</truncated>
		<difficult>0</difficult>
		<bndbox>
			<xmin>408</xmin>
			<ymin>722</ymin>
			<xmax>569</xmax>
			<ymax>829</ymax>
		</bndbox>
	</object>
	<object>
		<name/>
		<pose>Unspecified</pose>
		<truncated>0</truncated>
		<difficult>0</difficult>
		<bndbox>
			<xmin>1714</xmin>
			<ymin>730</ymin>
			<xmax>1768</xmax>
			<ymax>802</ymax>
		</bndbox>
	</object>
	<object>
		<name/>
		<pose>Unspecified</pose>
		<truncated>0</truncated>
		<difficult>0</difficult>
		<bndbox>
			<xmin>936</xmin>
			<ymin>728</ymin>
			<xmax>1021</xmax>
			<ymax>807</ymax>
		</bndbox>
	</object>
	<object>
		<name/>
		<pose>Unspecified</pose>
		<truncated>0</truncated>
		<difficult>0</difficult>
		<bndbox>
			<xmin>883</xmin>
			<ymin>594</ymin>
			<xmax>1068</xmax>
			<ymax>683</ymax>
		</bndbox>
	</object>
	<object>
		<name/>
		<pose>Unspecified</pose>
		<truncated>0</truncated>
		<difficult>0</difficult>
		<bndbox>
			<xmin>702</xmin>
			<ymin>599</ymin>
			<xmax>871</xmax>
			<ymax>667</ymax>
		</bndbox>
	</object>
	<object>
		<name/>
		<pose>Unspecified</pose>
		<truncated>0</truncated>
		<difficult>0</difficult>
		<bndbox>
			<xmin>1075</xmin>
			<ymin>582</ymin>
			<xmax>1264</xmax>
			<ymax>662</ymax>
		</bndbox>
	</object>
	<object>
		<name/>
		<pose>Unspecified</pose>
		<truncated>0</truncated>
		<difficult>0</difficult>
		<bndbox>
			<xmin>530</xmin>
			<ymin>588</ymin>
			<xmax>697</xmax>
			<ymax>668</ymax>
		</bndbox>
	</object>
	<object>
		<name/>
		<pose>Unspecified</pose>
		<truncated>0</truncated>
		<difficult>0</difficult>
		<bndbox>
			<xmin>771</xmin>
			<ymin>485</ymin>
			<xmax>904</xmax>
			<ymax>546</ymax>
		</bndbox>
	</object>
	<object>
		<name/>
		<pose>Unspecified</pose>
		<truncated>0</truncated>
		<difficult>0</difficult>
		<bndbox>
			<xmin>906</xmin>
			<ymin>482</ymin>
			<xmax>1068</xmax>
			<ymax>544</ymax>
		</bndbox>
	</object>
	<object>
		<name/>
		<pose>Unspecified</pose>
		<truncated>0</truncated>
		<difficult>0</difficult>
		<bndbox>
			<xmin>1075</xmin>
			<ymin>481</ymin>
			<xmax>1204</xmax>
			<ymax>545</ymax>
		</bndbox>
	</object>
	<object>
		<name/>
		<pose>Unspecified</pose>
		<truncated>0</truncated>
		<difficult>0</difficult>
		<bndbox>
			<xmin>627</xmin>
			<ymin>482</ymin>
			<xmax>765</xmax>
			<ymax>548</ymax>
		</bndbox>
	</object>
	<object>
		<name/>
		<pose>Unspecified</pose>
		<truncated>0</truncated>
		<difficult>0</difficult>
		<bndbox>
			<xmin>1284</xmin>
			<ymin>424</ymin>
			<xmax>1317</xmax>
			<ymax>454</ymax>
		</bndbox>
	</object>
	<object>
		<name/>
		<pose>Unspecified</pose>
		<truncated>0</truncated>
		<difficult>0</difficult>
		<bndbox>
			<xmin>931</xmin>
			<ymin>416</ymin>
			<xmax>971</xmax>
			<ymax>460</ymax>
		</bndbox>
	</object>
	<object>
		<name/>
		<pose>Unspecified</pose>
		<truncated>0</truncated>
		<difficult>0</difficult>
		<bndbox>
			<xmin>432</xmin>
			<ymin>405</ymin>
			<xmax>554</xmax>
			<ymax>464</ymax>
		</bndbox>
	</object>
	<object>
		<name/>
		<pose>Unspecified</pose>
		<truncated>0</truncated>
		<difficult>0</difficult>
		<bndbox>
			<xmin>281</xmin>
			<ymin>397</ymin>
			<xmax>418</xmax>
			<ymax>466</ymax>
		</bndbox>
	</object>
	<object>
		<name/>
		<pose>Unspecified</pose>
		<truncated>0</truncated>
		<difficult>0</difficult>
		<bndbox>
			<xmin>561</xmin>
			<ymin>389</ymin>
			<xmax>740</xmax>
			<ymax>464</ymax>
		</bndbox>
	</object>
	<object>
		<name/>
		<pose>Unspecified</pose>
		<truncated>0</truncated>
		<difficult>0</difficult>
		<bndbox>
			<xmin>758</xmin>
			<ymin>392</ymin>
			<xmax>924</xmax>
			<ymax>476</ymax>
		</bndbox>
	</object>
	<object>
		<name/>
		<pose>Unspecified</pose>
		<truncated>0</truncated>
		<difficult>0</difficult>
		<bndbox>
			<xmin>1321</xmin>
			<ymin>385</ymin>
			<xmax>1425</xmax>
			<ymax>464</ymax>
		</bndbox>
	</object>
	<object>
		<name/>
		<pose>Unspecified</pose>
		<truncated>0</truncated>
		<difficult>0</difficult>
		<bndbox>
			<xmin>1437</xmin>
			<ymin>388</ymin>
			<xmax>1563</xmax>
			<ymax>473</ymax>
		</bndbox>
	</object>
	<object>
		<name/>
		<pose>Unspecified</pose>
		<truncated>0</truncated>
		<difficult>0</difficult>
		<bndbox>
			<xmin>971</xmin>
			<ymin>372</ymin>
			<xmax>1115</xmax>
			<ymax>465</ymax>
		</bndbox>
	</object>
	<object>
		<name/>
		<pose>Unspecified</pose>
		<truncated>0</truncated>
		<difficult>0</difficult>
		<bndbox>
			<xmin>1124</xmin>
			<ymin>377</ymin>
			<xmax>1274</xmax>
			<ymax>472</ymax>
		</bndbox>
	</object>
	<object>
		<name/>
		<pose>Unspecified</pose>
		<truncated>0</truncated>
		<difficult>0</difficult>
		<bndbox>
			<xmin>469</xmin>
			<ymin>208</ymin>
			<xmax>1135</xmax>
			<ymax>340</ymax>
		</bndbox>
	</object>
	<object>
		<name>1</name>
		<pose>Unspecified</pose>
		<truncated>0</truncated>
		<difficult>0</difficult>
		<bndbox>
			<xmin>1166</xmin>
			<ymin>212</ymin>
			<xmax>1365</xmax>
			<ymax>338</ymax>
		</bndbox>
	</object>
	<object>
		<name>1</name>
		<pose>Unspecified</pose>
		<truncated>0</truncated>
		<difficult>0</difficult>
		<bndbox>
			<xmin>578</xmin>
			<ymin>742</ymin>
			<xmax>624</xmax>
			<ymax>810</ymax>
		</bndbox>
	</object>
	<object>
		<name>1</name>
		<pose>Unspecified</pose>
		<truncated>0</truncated>
		<difficult>0</difficult>
		<bndbox>
			<xmin>636</xmin>
			<ymin>769</ymin>
			<xmax>660</xmax>
			<ymax>796</ymax>
		</bndbox>
	</object>
	<object>
		<name>1</name>
		<pose>Unspecified</pose>
		<truncated>0</truncated>
		<difficult>0</difficult>
		<bndbox>
			<xmin>195</xmin>
			<ymin>1137</ymin>
			<xmax>304</xmax>
			<ymax>1195</ymax>
		</bndbox>
	</object>
	<object>
		<name>1</name>
		<pose>Unspecified</pose>
		<truncated>0</truncated>
		<difficult>0</difficult>
		<bndbox>
			<xmin>309</xmin>
			<ymin>1138</ymin>
			<xmax>442</xmax>
			<ymax>1195</ymax>
		</bndbox>
	</object>
	<object>
		<name>None</name>
		<pose>Unspecified</pose>
		<truncated>0</truncated>
		<difficult>0</difficult>
		<bndbox>
			<xmin>1041</xmin>
			<ymin>1357</ymin>
			<xmax>1090</xmax>
			<ymax>1414</ymax>
		</bndbox>
	</object>
	<object>
		<name>None</name>
		<pose>Unspecified</pose>
		<truncated>0</truncated>
		<difficult>0</difficult>
		<bndbox>
			<xmin>1044</xmin>
			<ymin>1460</ymin>
			<xmax>1093</xmax>
			<ymax>1517</ymax>
		</bndbox>
	</object>
	<object>
		<name>None</name>
		<pose>Unspecified</pose>
		<truncated>0</truncated>
		<difficult>0</difficult>
		<bndbox>
			<xmin>1039</xmin>
			<ymin>1569</ymin>
			<xmax>1088</xmax>
			<ymax>1626</ymax>
		</bndbox>
	</object>
	<object>
		<name>None</name>
		<pose>Unspecified</pose>
		<truncated>0</truncated>
		<difficult>0</difficult>
		<bndbox>
			<xmin>1042</xmin>
			<ymin>1669</ymin>
			<xmax>1091</xmax>
			<ymax>1726</ymax>
		</bndbox>
	</object>
</annotation>
