<annotation>
	<folder>vireceipt_xml</folder>
	<filename>no_0010.jpg</filename>
	<path>/data20.04/data/1.SDV_Medical_Doc/5.Evaluation/vireceipt_xml/no_0010.jpg</path>
	<source>
		<database>Unknown</database>
	</source>
	<size>
		<width>1042</width>
		<height>1864</height>
		<depth>1</depth>
	</size>
	<segmented>0</segmented>
	<object>
		<name/>
		<pose>Unspecified</pose>
		<truncated>0</truncated>
		<difficult>0</difficult>
		<bndbox>
			<xmin>279</xmin>
			<ymin>1731</ymin>
			<xmax>337</xmax>
			<ymax>1763</ymax>
		</bndbox>
	</object>
	<object>
		<name/>
		<pose>Unspecified</pose>
		<truncated>0</truncated>
		<difficult>0</difficult>
		<bndbox>
			<xmin>183</xmin>
			<ymin>1725</ymin>
			<xmax>276</xmax>
			<ymax>1765</ymax>
		</bndbox>
	</object>
	<object>
		<name/>
		<pose>Unspecified</pose>
		<truncated>0</truncated>
		<difficult>0</difficult>
		<bndbox>
			<xmin>472</xmin>
			<ymin>1720</ymin>
			<xmax>553</xmax>
			<ymax>1773</ymax>
		</bndbox>
	</object>
	<object>
		<name/>
		<pose>Unspecified</pose>
		<truncated>0</truncated>
		<difficult>0</difficult>
		<bndbox>
			<xmin>396</xmin>
			<ymin>1719</ymin>
			<xmax>470</xmax>
			<ymax>1774</ymax>
		</bndbox>
	</object>
	<object>
		<name/>
		<pose>Unspecified</pose>
		<truncated>0</truncated>
		<difficult>0</difficult>
		<bndbox>
			<xmin>339</xmin>
			<ymin>1722</ymin>
			<xmax>395</xmax>
			<ymax>1765</ymax>
		</bndbox>
	</object>
	<object>
		<name/>
		<pose>Unspecified</pose>
		<truncated>0</truncated>
		<difficult>0</difficult>
		<bndbox>
			<xmin>617</xmin>
			<ymin>1718</ymin>
			<xmax>702</xmax>
			<ymax>1770</ymax>
		</bndbox>
	</object>
	<object>
		<name/>
		<pose>Unspecified</pose>
		<truncated>0</truncated>
		<difficult>0</difficult>
		<bndbox>
			<xmin>554</xmin>
			<ymin>1714</ymin>
			<xmax>616</xmax>
			<ymax>1773</ymax>
		</bndbox>
	</object>
	<object>
		<name/>
		<pose>Unspecified</pose>
		<truncated>0</truncated>
		<difficult>0</difficult>
		<bndbox>
			<xmin>703</xmin>
			<ymin>1714</ymin>
			<xmax>832</xmax>
			<ymax>1756</ymax>
		</bndbox>
	</object>
	<object>
		<name/>
		<pose>Unspecified</pose>
		<truncated>0</truncated>
		<difficult>0</difficult>
		<bndbox>
			<xmin>482</xmin>
			<ymin>1639</ymin>
			<xmax>539</xmax>
			<ymax>1685</ymax>
		</bndbox>
	</object>
	<object>
		<name/>
		<pose>Unspecified</pose>
		<truncated>0</truncated>
		<difficult>0</difficult>
		<bndbox>
			<xmin>422</xmin>
			<ymin>1638</ymin>
			<xmax>481</xmax>
			<ymax>1677</ymax>
		</bndbox>
	</object>
	<object>
		<name/>
		<pose>Unspecified</pose>
		<truncated>0</truncated>
		<difficult>0</difficult>
		<bndbox>
			<xmin>341</xmin>
			<ymin>1635</ymin>
			<xmax>421</xmax>
			<ymax>1676</ymax>
		</bndbox>
	</object>
	<object>
		<name/>
		<pose>Unspecified</pose>
		<truncated>0</truncated>
		<difficult>0</difficult>
		<bndbox>
			<xmin>962</xmin>
			<ymin>1637</ymin>
			<xmax>995</xmax>
			<ymax>1669</ymax>
		</bndbox>
	</object>
	<object>
		<name/>
		<pose>Unspecified</pose>
		<truncated>0</truncated>
		<difficult>0</difficult>
		<bndbox>
			<xmin>420</xmin>
			<ymin>1576</ymin>
			<xmax>529</xmax>
			<ymax>1611</ymax>
		</bndbox>
	</object>
	<object>
		<name/>
		<pose>Unspecified</pose>
		<truncated>0</truncated>
		<difficult>0</difficult>
		<bndbox>
			<xmin>530</xmin>
			<ymin>1578</ymin>
			<xmax>609</xmax>
			<ymax>1607</ymax>
		</bndbox>
	</object>
	<object>
		<name/>
		<pose>Unspecified</pose>
		<truncated>0</truncated>
		<difficult>0</difficult>
		<bndbox>
			<xmin>862</xmin>
			<ymin>1575</ymin>
			<xmax>927</xmax>
			<ymax>1601</ymax>
		</bndbox>
	</object>
	<object>
		<name/>
		<pose>Unspecified</pose>
		<truncated>0</truncated>
		<difficult>0</difficult>
		<bndbox>
			<xmin>929</xmin>
			<ymin>1573</ymin>
			<xmax>991</xmax>
			<ymax>1602</ymax>
		</bndbox>
	</object>
	<object>
		<name/>
		<pose>Unspecified</pose>
		<truncated>0</truncated>
		<difficult>0</difficult>
		<bndbox>
			<xmin>342</xmin>
			<ymin>1567</ymin>
			<xmax>420</xmax>
			<ymax>1609</ymax>
		</bndbox>
	</object>
	<object>
		<name/>
		<pose>Unspecified</pose>
		<truncated>0</truncated>
		<difficult>0</difficult>
		<bndbox>
			<xmin>460</xmin>
			<ymin>1513</ymin>
			<xmax>542</xmax>
			<ymax>1538</ymax>
		</bndbox>
	</object>
	<object>
		<name/>
		<pose>Unspecified</pose>
		<truncated>0</truncated>
		<difficult>0</difficult>
		<bndbox>
			<xmin>346</xmin>
			<ymin>1511</ymin>
			<xmax>453</xmax>
			<ymax>1540</ymax>
		</bndbox>
	</object>
	<object>
		<name/>
		<pose>Unspecified</pose>
		<truncated>0</truncated>
		<difficult>0</difficult>
		<bndbox>
			<xmin>830</xmin>
			<ymin>1505</ymin>
			<xmax>908</xmax>
			<ymax>1541</ymax>
		</bndbox>
	</object>
	<object>
		<name/>
		<pose>Unspecified</pose>
		<truncated>0</truncated>
		<difficult>0</difficult>
		<bndbox>
			<xmin>910</xmin>
			<ymin>1501</ymin>
			<xmax>991</xmax>
			<ymax>1541</ymax>
		</bndbox>
	</object>
	<object>
		<name/>
		<pose>Unspecified</pose>
		<truncated>0</truncated>
		<difficult>0</difficult>
		<bndbox>
			<xmin>341</xmin>
			<ymin>1432</ymin>
			<xmax>424</xmax>
			<ymax>1473</ymax>
		</bndbox>
	</object>
	<object>
		<name/>
		<pose>Unspecified</pose>
		<truncated>0</truncated>
		<difficult>0</difficult>
		<bndbox>
			<xmin>630</xmin>
			<ymin>1431</ymin>
			<xmax>711</xmax>
			<ymax>1472</ymax>
		</bndbox>
	</object>
	<object>
		<name/>
		<pose>Unspecified</pose>
		<truncated>0</truncated>
		<difficult>0</difficult>
		<bndbox>
			<xmin>878</xmin>
			<ymin>1428</ymin>
			<xmax>993</xmax>
			<ymax>1467</ymax>
		</bndbox>
	</object>
	<object>
		<name/>
		<pose>Unspecified</pose>
		<truncated>0</truncated>
		<difficult>0</difficult>
		<bndbox>
			<xmin>342</xmin>
			<ymin>1365</ymin>
			<xmax>430</xmax>
			<ymax>1402</ymax>
		</bndbox>
	</object>
	<object>
		<name/>
		<pose>Unspecified</pose>
		<truncated>0</truncated>
		<difficult>0</difficult>
		<bndbox>
			<xmin>430</xmin>
			<ymin>1362</ymin>
			<xmax>491</xmax>
			<ymax>1412</ymax>
		</bndbox>
	</object>
	<object>
		<name/>
		<pose>Unspecified</pose>
		<truncated>0</truncated>
		<difficult>0</difficult>
		<bndbox>
			<xmin>963</xmin>
			<ymin>1366</ymin>
			<xmax>991</xmax>
			<ymax>1396</ymax>
		</bndbox>
	</object>
	<object>
		<name/>
		<pose>Unspecified</pose>
		<truncated>0</truncated>
		<difficult>0</difficult>
		<bndbox>
			<xmin>961</xmin>
			<ymin>1301</ymin>
			<xmax>995</xmax>
			<ymax>1326</ymax>
		</bndbox>
	</object>
	<object>
		<name/>
		<pose>Unspecified</pose>
		<truncated>0</truncated>
		<difficult>0</difficult>
		<bndbox>
			<xmin>645</xmin>
			<ymin>1295</ymin>
			<xmax>710</xmax>
			<ymax>1334</ymax>
		</bndbox>
	</object>
	<object>
		<name/>
		<pose>Unspecified</pose>
		<truncated>0</truncated>
		<difficult>0</difficult>
		<bndbox>
			<xmin>430</xmin>
			<ymin>1291</ymin>
			<xmax>512</xmax>
			<ymax>1335</ymax>
		</bndbox>
	</object>
	<object>
		<name/>
		<pose>Unspecified</pose>
		<truncated>0</truncated>
		<difficult>0</difficult>
		<bndbox>
			<xmin>335</xmin>
			<ymin>1292</ymin>
			<xmax>429</xmax>
			<ymax>1337</ymax>
		</bndbox>
	</object>
	<object>
		<name/>
		<pose>Unspecified</pose>
		<truncated>0</truncated>
		<difficult>0</difficult>
		<bndbox>
			<xmin>857</xmin>
			<ymin>1232</ymin>
			<xmax>993</xmax>
			<ymax>1267</ymax>
		</bndbox>
	</object>
	<object>
		<name/>
		<pose>Unspecified</pose>
		<truncated>0</truncated>
		<difficult>0</difficult>
		<bndbox>
			<xmin>341</xmin>
			<ymin>1221</ymin>
			<xmax>433</xmax>
			<ymax>1278</ymax>
		</bndbox>
	</object>
	<object>
		<name/>
		<pose>Unspecified</pose>
		<truncated>0</truncated>
		<difficult>0</difficult>
		<bndbox>
			<xmin>435</xmin>
			<ymin>1222</ymin>
			<xmax>503</xmax>
			<ymax>1269</ymax>
		</bndbox>
	</object>
	<object>
		<name/>
		<pose>Unspecified</pose>
		<truncated>0</truncated>
		<difficult>0</difficult>
		<bndbox>
			<xmin>124</xmin>
			<ymin>1144</ymin>
			<xmax>213</xmax>
			<ymax>1181</ymax>
		</bndbox>
	</object>
	<object>
		<name/>
		<pose>Unspecified</pose>
		<truncated>0</truncated>
		<difficult>0</difficult>
		<bndbox>
			<xmin>26</xmin>
			<ymin>1143</ymin>
			<xmax>122</xmax>
			<ymax>1183</ymax>
		</bndbox>
	</object>
	<object>
		<name/>
		<pose>Unspecified</pose>
		<truncated>0</truncated>
		<difficult>0</difficult>
		<bndbox>
			<xmin>215</xmin>
			<ymin>1142</ymin>
			<xmax>298</xmax>
			<ymax>1175</ymax>
		</bndbox>
	</object>
	<object>
		<name/>
		<pose>Unspecified</pose>
		<truncated>0</truncated>
		<difficult>0</difficult>
		<bndbox>
			<xmin>580</xmin>
			<ymin>1136</ymin>
			<xmax>695</xmax>
			<ymax>1175</ymax>
		</bndbox>
	</object>
	<object>
		<name/>
		<pose>Unspecified</pose>
		<truncated>0</truncated>
		<difficult>0</difficult>
		<bndbox>
			<xmin>881</xmin>
			<ymin>1135</ymin>
			<xmax>992</xmax>
			<ymax>1170</ymax>
		</bndbox>
	</object>
	<object>
		<name/>
		<pose>Unspecified</pose>
		<truncated>0</truncated>
		<difficult>0</difficult>
		<bndbox>
			<xmin>457</xmin>
			<ymin>1140</ymin>
			<xmax>473</xmax>
			<ymax>1175</ymax>
		</bndbox>
	</object>
	<object>
		<name/>
		<pose>Unspecified</pose>
		<truncated>0</truncated>
		<difficult>0</difficult>
		<bndbox>
			<xmin>111</xmin>
			<ymin>1081</ymin>
			<xmax>183</xmax>
			<ymax>1121</ymax>
		</bndbox>
	</object>
	<object>
		<name/>
		<pose>Unspecified</pose>
		<truncated>0</truncated>
		<difficult>0</difficult>
		<bndbox>
			<xmin>254</xmin>
			<ymin>1081</ymin>
			<xmax>306</xmax>
			<ymax>1117</ymax>
		</bndbox>
	</object>
	<object>
		<name/>
		<pose>Unspecified</pose>
		<truncated>0</truncated>
		<difficult>0</difficult>
		<bndbox>
			<xmin>583</xmin>
			<ymin>1080</ymin>
			<xmax>694</xmax>
			<ymax>1112</ymax>
		</bndbox>
	</object>
	<object>
		<name/>
		<pose>Unspecified</pose>
		<truncated>0</truncated>
		<difficult>0</difficult>
		<bndbox>
			<xmin>185</xmin>
			<ymin>1079</ymin>
			<xmax>252</xmax>
			<ymax>1119</ymax>
		</bndbox>
	</object>
	<object>
		<name/>
		<pose>Unspecified</pose>
		<truncated>0</truncated>
		<difficult>0</difficult>
		<bndbox>
			<xmin>308</xmin>
			<ymin>1076</ymin>
			<xmax>366</xmax>
			<ymax>1115</ymax>
		</bndbox>
	</object>
	<object>
		<name/>
		<pose>Unspecified</pose>
		<truncated>0</truncated>
		<difficult>0</difficult>
		<bndbox>
			<xmin>24</xmin>
			<ymin>1075</ymin>
			<xmax>109</xmax>
			<ymax>1116</ymax>
		</bndbox>
	</object>
	<object>
		<name/>
		<pose>Unspecified</pose>
		<truncated>0</truncated>
		<difficult>0</difficult>
		<bndbox>
			<xmin>877</xmin>
			<ymin>1074</ymin>
			<xmax>995</xmax>
			<ymax>1115</ymax>
		</bndbox>
	</object>
	<object>
		<name/>
		<pose>Unspecified</pose>
		<truncated>0</truncated>
		<difficult>0</difficult>
		<bndbox>
			<xmin>459</xmin>
			<ymin>1082</ymin>
			<xmax>472</xmax>
			<ymax>1114</ymax>
		</bndbox>
	</object>
	<object>
		<name/>
		<pose>Unspecified</pose>
		<truncated>0</truncated>
		<difficult>0</difficult>
		<bndbox>
			<xmin>24</xmin>
			<ymin>1021</ymin>
			<xmax>88</xmax>
			<ymax>1055</ymax>
		</bndbox>
	</object>
	<object>
		<name/>
		<pose>Unspecified</pose>
		<truncated>0</truncated>
		<difficult>0</difficult>
		<bndbox>
			<xmin>573</xmin>
			<ymin>1020</ymin>
			<xmax>707</xmax>
			<ymax>1056</ymax>
		</bndbox>
	</object>
	<object>
		<name/>
		<pose>Unspecified</pose>
		<truncated>0</truncated>
		<difficult>0</difficult>
		<bndbox>
			<xmin>145</xmin>
			<ymin>1019</ymin>
			<xmax>209</xmax>
			<ymax>1053</ymax>
		</bndbox>
	</object>
	<object>
		<name/>
		<pose>Unspecified</pose>
		<truncated>0</truncated>
		<difficult>0</difficult>
		<bndbox>
			<xmin>91</xmin>
			<ymin>1020</ymin>
			<xmax>144</xmax>
			<ymax>1055</ymax>
		</bndbox>
	</object>
	<object>
		<name/>
		<pose>Unspecified</pose>
		<truncated>0</truncated>
		<difficult>0</difficult>
		<bndbox>
			<xmin>868</xmin>
			<ymin>1015</ymin>
			<xmax>993</xmax>
			<ymax>1053</ymax>
		</bndbox>
	</object>
	<object>
		<name/>
		<pose>Unspecified</pose>
		<truncated>0</truncated>
		<difficult>0</difficult>
		<bndbox>
			<xmin>459</xmin>
			<ymin>1023</ymin>
			<xmax>472</xmax>
			<ymax>1053</ymax>
		</bndbox>
	</object>
	<object>
		<name/>
		<pose>Unspecified</pose>
		<truncated>0</truncated>
		<difficult>0</difficult>
		<bndbox>
			<xmin>206</xmin>
			<ymin>953</ymin>
			<xmax>281</xmax>
			<ymax>985</ymax>
		</bndbox>
	</object>
	<object>
		<name/>
		<pose>Unspecified</pose>
		<truncated>0</truncated>
		<difficult>0</difficult>
		<bndbox>
			<xmin>139</xmin>
			<ymin>950</ymin>
			<xmax>204</xmax>
			<ymax>988</ymax>
		</bndbox>
	</object>
	<object>
		<name/>
		<pose>Unspecified</pose>
		<truncated>0</truncated>
		<difficult>0</difficult>
		<bndbox>
			<xmin>590</xmin>
			<ymin>949</ymin>
			<xmax>690</xmax>
			<ymax>985</ymax>
		</bndbox>
	</object>
	<object>
		<name/>
		<pose>Unspecified</pose>
		<truncated>0</truncated>
		<difficult>0</difficult>
		<bndbox>
			<xmin>439</xmin>
			<ymin>948</ymin>
			<xmax>491</xmax>
			<ymax>989</ymax>
		</bndbox>
	</object>
	<object>
		<name/>
		<pose>Unspecified</pose>
		<truncated>0</truncated>
		<difficult>0</difficult>
		<bndbox>
			<xmin>882</xmin>
			<ymin>949</ymin>
			<xmax>916</xmax>
			<ymax>983</ymax>
		</bndbox>
	</object>
	<object>
		<name/>
		<pose>Unspecified</pose>
		<truncated>0</truncated>
		<difficult>0</difficult>
		<bndbox>
			<xmin>921</xmin>
			<ymin>946</ymin>
			<xmax>996</xmax>
			<ymax>986</ymax>
		</bndbox>
	</object>
	<object>
		<name/>
		<pose>Unspecified</pose>
		<truncated>0</truncated>
		<difficult>0</difficult>
		<bndbox>
			<xmin>635</xmin>
			<ymin>872</ymin>
			<xmax>683</xmax>
			<ymax>899</ymax>
		</bndbox>
	</object>
	<object>
		<name/>
		<pose>Unspecified</pose>
		<truncated>0</truncated>
		<difficult>0</difficult>
		<bndbox>
			<xmin>96</xmin>
			<ymin>868</ymin>
			<xmax>185</xmax>
			<ymax>909</ymax>
		</bndbox>
	</object>
	<object>
		<name/>
		<pose>Unspecified</pose>
		<truncated>0</truncated>
		<difficult>0</difficult>
		<bndbox>
			<xmin>26</xmin>
			<ymin>869</ymin>
			<xmax>92</xmax>
			<ymax>900</ymax>
		</bndbox>
	</object>
	<object>
		<name/>
		<pose>Unspecified</pose>
		<truncated>0</truncated>
		<difficult>0</difficult>
		<bndbox>
			<xmin>270</xmin>
			<ymin>865</ymin>
			<xmax>357</xmax>
			<ymax>910</ymax>
		</bndbox>
	</object>
	<object>
		<name/>
		<pose>Unspecified</pose>
		<truncated>0</truncated>
		<difficult>0</difficult>
		<bndbox>
			<xmin>195</xmin>
			<ymin>869</ymin>
			<xmax>265</xmax>
			<ymax>898</ymax>
		</bndbox>
	</object>
	<object>
		<name/>
		<pose>Unspecified</pose>
		<truncated>0</truncated>
		<difficult>0</difficult>
		<bndbox>
			<xmin>800</xmin>
			<ymin>864</ymin>
			<xmax>887</xmax>
			<ymax>900</ymax>
		</bndbox>
	</object>
	<object>
		<name/>
		<pose>Unspecified</pose>
		<truncated>0</truncated>
		<difficult>0</difficult>
		<bndbox>
			<xmin>566</xmin>
			<ymin>865</ymin>
			<xmax>633</xmax>
			<ymax>898</ymax>
		</bndbox>
	</object>
	<object>
		<name/>
		<pose>Unspecified</pose>
		<truncated>0</truncated>
		<difficult>0</difficult>
		<bndbox>
			<xmin>283</xmin>
			<ymin>825</ymin>
			<xmax>303</xmax>
			<ymax>849</ymax>
		</bndbox>
	</object>
	<object>
		<name/>
		<pose>Unspecified</pose>
		<truncated>0</truncated>
		<difficult>0</difficult>
		<bndbox>
			<xmin>310</xmin>
			<ymin>817</ymin>
			<xmax>424</xmax>
			<ymax>848</ymax>
		</bndbox>
	</object>
	<object>
		<name/>
		<pose>Unspecified</pose>
		<truncated>0</truncated>
		<difficult>0</difficult>
		<bndbox>
			<xmin>24</xmin>
			<ymin>817</ymin>
			<xmax>98</xmax>
			<ymax>849</ymax>
		</bndbox>
	</object>
	<object>
		<name/>
		<pose>Unspecified</pose>
		<truncated>0</truncated>
		<difficult>0</difficult>
		<bndbox>
			<xmin>635</xmin>
			<ymin>816</ymin>
			<xmax>709</xmax>
			<ymax>848</ymax>
		</bndbox>
	</object>
	<object>
		<name/>
		<pose>Unspecified</pose>
		<truncated>0</truncated>
		<difficult>0</difficult>
		<bndbox>
			<xmin>725</xmin>
			<ymin>814</ymin>
			<xmax>812</xmax>
			<ymax>850</ymax>
		</bndbox>
	</object>
	<object>
		<name/>
		<pose>Unspecified</pose>
		<truncated>0</truncated>
		<difficult>0</difficult>
		<bndbox>
			<xmin>243</xmin>
			<ymin>816</ymin>
			<xmax>282</xmax>
			<ymax>853</ymax>
		</bndbox>
	</object>
	<object>
		<name/>
		<pose>Unspecified</pose>
		<truncated>0</truncated>
		<difficult>0</difficult>
		<bndbox>
			<xmin>167</xmin>
			<ymin>814</ymin>
			<xmax>242</xmax>
			<ymax>851</ymax>
		</bndbox>
	</object>
	<object>
		<name/>
		<pose>Unspecified</pose>
		<truncated>0</truncated>
		<difficult>0</difficult>
		<bndbox>
			<xmin>564</xmin>
			<ymin>814</ymin>
			<xmax>633</xmax>
			<ymax>850</ymax>
		</bndbox>
	</object>
	<object>
		<name/>
		<pose>Unspecified</pose>
		<truncated>0</truncated>
		<difficult>0</difficult>
		<bndbox>
			<xmin>437</xmin>
			<ymin>817</ymin>
			<xmax>530</xmax>
			<ymax>851</ymax>
		</bndbox>
	</object>
	<object>
		<name/>
		<pose>Unspecified</pose>
		<truncated>0</truncated>
		<difficult>0</difficult>
		<bndbox>
			<xmin>77</xmin>
			<ymin>771</ymin>
			<xmax>145</xmax>
			<ymax>805</ymax>
		</bndbox>
	</object>
	<object>
		<name/>
		<pose>Unspecified</pose>
		<truncated>0</truncated>
		<difficult>0</difficult>
		<bndbox>
			<xmin>748</xmin>
			<ymin>771</ymin>
			<xmax>928</xmax>
			<ymax>807</ymax>
		</bndbox>
	</object>
	<object>
		<name/>
		<pose>Unspecified</pose>
		<truncated>0</truncated>
		<difficult>0</difficult>
		<bndbox>
			<xmin>567</xmin>
			<ymin>766</ymin>
			<xmax>666</xmax>
			<ymax>812</ymax>
		</bndbox>
	</object>
	<object>
		<name/>
		<pose>Unspecified</pose>
		<truncated>0</truncated>
		<difficult>0</difficult>
		<bndbox>
			<xmin>19</xmin>
			<ymin>762</ymin>
			<xmax>75</xmax>
			<ymax>806</ymax>
		</bndbox>
	</object>
	<object>
		<name/>
		<pose>Unspecified</pose>
		<truncated>0</truncated>
		<difficult>0</difficult>
		<bndbox>
			<xmin>500</xmin>
			<ymin>690</ymin>
			<xmax>662</xmax>
			<ymax>753</ymax>
		</bndbox>
	</object>
	<object>
		<name/>
		<pose>Unspecified</pose>
		<truncated>0</truncated>
		<difficult>0</difficult>
		<bndbox>
			<xmin>336</xmin>
			<ymin>684</ymin>
			<xmax>482</xmax>
			<ymax>743</ymax>
		</bndbox>
	</object>
	<object>
		<name/>
		<pose>Unspecified</pose>
		<truncated>0</truncated>
		<difficult>0</difficult>
		<bndbox>
			<xmin>175</xmin>
			<ymin>680</ymin>
			<xmax>322</xmax>
			<ymax>747</ymax>
		</bndbox>
	</object>
	<object>
		<name/>
		<pose>Unspecified</pose>
		<truncated>0</truncated>
		<difficult>0</difficult>
		<bndbox>
			<xmin>675</xmin>
			<ymin>682</ymin>
			<xmax>843</xmax>
			<ymax>745</ymax>
		</bndbox>
	</object>
	<object>
		<name/>
		<pose>Unspecified</pose>
		<truncated>0</truncated>
		<difficult>0</difficult>
		<bndbox>
			<xmin>470</xmin>
			<ymin>601</ymin>
			<xmax>691</xmax>
			<ymax>644</ymax>
		</bndbox>
	</object>
	<object>
		<name/>
		<pose>Unspecified</pose>
		<truncated>0</truncated>
		<difficult>0</difficult>
		<bndbox>
			<xmin>335</xmin>
			<ymin>600</ymin>
			<xmax>466</xmax>
			<ymax>638</ymax>
		</bndbox>
	</object>
	<object>
		<name/>
		<pose>Unspecified</pose>
		<truncated>0</truncated>
		<difficult>0</difficult>
		<bndbox>
			<xmin>589</xmin>
			<ymin>532</ymin>
			<xmax>666</xmax>
			<ymax>580</ymax>
		</bndbox>
	</object>
	<object>
		<name/>
		<pose>Unspecified</pose>
		<truncated>0</truncated>
		<difficult>0</difficult>
		<bndbox>
			<xmin>529</xmin>
			<ymin>532</ymin>
			<xmax>588</xmax>
			<ymax>576</ymax>
		</bndbox>
	</object>
	<object>
		<name/>
		<pose>Unspecified</pose>
		<truncated>0</truncated>
		<difficult>0</difficult>
		<bndbox>
			<xmin>431</xmin>
			<ymin>524</ymin>
			<xmax>527</xmax>
			<ymax>583</ymax>
		</bndbox>
	</object>
	<object>
		<name/>
		<pose>Unspecified</pose>
		<truncated>0</truncated>
		<difficult>0</difficult>
		<bndbox>
			<xmin>350</xmin>
			<ymin>525</ymin>
			<xmax>430</xmax>
			<ymax>576</ymax>
		</bndbox>
	</object>
	<object>
		<name/>
		<pose>Unspecified</pose>
		<truncated>0</truncated>
		<difficult>0</difficult>
		<bndbox>
			<xmin>352</xmin>
			<ymin>500</ymin>
			<xmax>373</xmax>
			<ymax>521</ymax>
		</bndbox>
	</object>
	<object>
		<name/>
		<pose>Unspecified</pose>
		<truncated>0</truncated>
		<difficult>0</difficult>
		<bndbox>
			<xmin>756</xmin>
			<ymin>487</ymin>
			<xmax>853</xmax>
			<ymax>531</ymax>
		</bndbox>
	</object>
	<object>
		<name/>
		<pose>Unspecified</pose>
		<truncated>0</truncated>
		<difficult>0</difficult>
		<bndbox>
			<xmin>70</xmin>
			<ymin>486</ymin>
			<xmax>251</xmax>
			<ymax>527</ymax>
		</bndbox>
	</object>
	<object>
		<name/>
		<pose>Unspecified</pose>
		<truncated>0</truncated>
		<difficult>0</difficult>
		<bndbox>
			<xmin>254</xmin>
			<ymin>486</ymin>
			<xmax>346</xmax>
			<ymax>522</ymax>
		</bndbox>
	</object>
	<object>
		<name/>
		<pose>Unspecified</pose>
		<truncated>0</truncated>
		<difficult>0</difficult>
		<bndbox>
			<xmin>857</xmin>
			<ymin>481</ymin>
			<xmax>946</xmax>
			<ymax>532</ymax>
		</bndbox>
	</object>
	<object>
		<name/>
		<pose>Unspecified</pose>
		<truncated>0</truncated>
		<difficult>0</difficult>
		<bndbox>
			<xmin>661</xmin>
			<ymin>481</ymin>
			<xmax>749</xmax>
			<ymax>529</ymax>
		</bndbox>
	</object>
	<object>
		<name/>
		<pose>Unspecified</pose>
		<truncated>0</truncated>
		<difficult>0</difficult>
		<bndbox>
			<xmin>549</xmin>
			<ymin>482</ymin>
			<xmax>648</xmax>
			<ymax>530</ymax>
		</bndbox>
	</object>
	<object>
		<name/>
		<pose>Unspecified</pose>
		<truncated>0</truncated>
		<difficult>0</difficult>
		<bndbox>
			<xmin>377</xmin>
			<ymin>482</ymin>
			<xmax>441</xmax>
			<ymax>523</ymax>
		</bndbox>
	</object>
	<object>
		<name/>
		<pose>Unspecified</pose>
		<truncated>0</truncated>
		<difficult>0</difficult>
		<bndbox>
			<xmin>449</xmin>
			<ymin>481</ymin>
			<xmax>543</xmax>
			<ymax>522</ymax>
		</bndbox>
	</object>
	<object>
		<name/>
		<pose>Unspecified</pose>
		<truncated>0</truncated>
		<difficult>0</difficult>
		<bndbox>
			<xmin>540</xmin>
			<ymin>339</ymin>
			<xmax>707</xmax>
			<ymax>443</ymax>
		</bndbox>
	</object>
	<object>
		<name/>
		<pose>Unspecified</pose>
		<truncated>0</truncated>
		<difficult>0</difficult>
		<bndbox>
			<xmin>157</xmin>
			<ymin>342</ymin>
			<xmax>373</xmax>
			<ymax>419</ymax>
		</bndbox>
	</object>
	<object>
		<name/>
		<pose>Unspecified</pose>
		<truncated>0</truncated>
		<difficult>0</difficult>
		<bndbox>
			<xmin>730</xmin>
			<ymin>345</ymin>
			<xmax>860</xmax>
			<ymax>425</ymax>
		</bndbox>
	</object>
	<object>
		<name/>
		<pose>Unspecified</pose>
		<truncated>0</truncated>
		<difficult>0</difficult>
		<bndbox>
			<xmin>394</xmin>
			<ymin>343</ymin>
			<xmax>528</xmax>
			<ymax>448</ymax>
		</bndbox>
	</object>
	<object>
		<name/>
		<pose>Unspecified</pose>
		<truncated>0</truncated>
		<difficult>0</difficult>
		<bndbox>
			<xmin>410</xmin>
			<ymin>257</ymin>
			<xmax>596</xmax>
			<ymax>289</ymax>
		</bndbox>
	</object>
	<object>
		<name/>
		<pose>Unspecified</pose>
		<truncated>0</truncated>
		<difficult>0</difficult>
		<bndbox>
			<xmin>214</xmin>
			<ymin>147</ymin>
			<xmax>469</xmax>
			<ymax>218</ymax>
		</bndbox>
	</object>
	<object>
		<name/>
		<pose>Unspecified</pose>
		<truncated>0</truncated>
		<difficult>0</difficult>
		<bndbox>
			<xmin>469</xmin>
			<ymin>151</ymin>
			<xmax>553</xmax>
			<ymax>211</ymax>
		</bndbox>
	</object>
	<object>
		<name/>
		<pose>Unspecified</pose>
		<truncated>0</truncated>
		<difficult>0</difficult>
		<bndbox>
			<xmin>562</xmin>
			<ymin>144</ymin>
			<xmax>730</xmax>
			<ymax>213</ymax>
		</bndbox>
	</object>
	<object>
		<name/>
		<pose>Unspecified</pose>
		<truncated>0</truncated>
		<difficult>0</difficult>
		<bndbox>
			<xmin>503</xmin>
			<ymin>61</ymin>
			<xmax>639</xmax>
			<ymax>120</ymax>
		</bndbox>
	</object>
	<object>
		<name/>
		<pose>Unspecified</pose>
		<truncated>0</truncated>
		<difficult>0</difficult>
		<bndbox>
			<xmin>392</xmin>
			<ymin>59</ymin>
			<xmax>493</xmax>
			<ymax>108</ymax>
		</bndbox>
	</object>
</annotation>
